id,Question,A,B,C,D,E
Set_1: q2,Programmed cell death is also called as:,Degeneration,Calcification,Apoptosis,Necrosis,Atrophy
Set_1: q3,Which of the following medical condition is because of inherited defect in DNA repair?,Acanthosis nigricans,Xeroderma pigmentosum,Basal cell nevus syndrome,Bloom syndrome,Werner syndrome
Set_1: q4,Which of the following is a pathologic cause of hyperplasia?,Endometrial hyperplasia,Compensatory hyperplasia after partial hepatectomy,Hormonal stimulation seen in breast development at puberty,Antigenic stimulation seen in lymphoid hyperplasia,Cardiac muscle in hypertension
Set_1: q5,"In pathology, what is the name given when there is a reversible change of one cell type to another?",Hyperplasia,Hypertrophy,Metaplasia,Dysplasia,Atrophy
Set_1: q6,Which of the following is the best statement for lipofuscin?,Perinuclear yellow-brown pigment,Black-brown pigment,Golden yellow-brown granular pigment,Protein,Lipid
Set_1: q7,"Location of calcifications in interstitial tissues of the stomach, kidneys, lungs, and blood vessels is called as:",Metastatic calcification.,Dystrophic calcification,Hyaline change,Cutaneous mycetoma,Molluscum contagiosum
Set_1: q8,Psammoma bodies belong to which type of pathologic form of calcification?,Dystrophic calcification,Metastatic calcification,Calcifications in interstitial tissues of the stomach,Calcifications in the kidney,Calcifications in the blood vessels
Set_1: q9,A 49-year-old woman has hypertension untreated for years. Which of the following cellular alteration will be seen in the myocardium of this patient?,Apoptosis,Atrophy,Hyperplasia,Metaplasia,Hypertrophy
Set_1: q10,"In pathology, what is the name given to abnormal prolif - eration of cells that is characterized by changes in cell size, shape, and loss of cellular organization?",Hyperplasia,Hypertrophy,Metaplasia,Dysplasia,Atrophy
Set_1: q11,Which type of necrosis is most characteristic of isch - emia involving the heart or kidney?,Coagulative,Liquefactive,Caseous,Fibrinoid,Enzymatic  2
Set_1: q12,Apoptosis is an active process regulated by genes and involves RNA and protein synthesis. Which of the fol - lowing is a central organ in apoptosis?,Ribosomes,Golgi body,Mitochondria,Nucleus,Lysosomes
Set_1: q13,"Irreversible, uncontrolled cell death that occurs when antigen-antibody complexes are deposited in the walls of blood vessels along with fibrin is called as:",Gangrenous necrosis,Fat necrosis,Fibrinoid necrosis,Caseous necrosis,Liquefaction necrosis
Set_1: q14,Which of the following organ shows liquefaction necrosis?,Heart,Brain,Gall bladder,Liver,Kidney
Set_1: q15,Degeneration and condensation of nuclear chromatin is defined as:,Karyorrhexis,Karyolysis,Nuclear fusion,Nuclear fission,Pyknosis
Set_1: q16,"In tumor metastasis, cancer cells spread from the place where they first formed to another part of the body. What is essential for tumor metastasis?",Apoptosis,Inhibition of tyrosine kinase activity,Angiogenesis,Tumorigenesis,Ischemia
Set_1: q17,A 10-year-old male child suffering from thalassemia comes to the pediatrician office for follow up checkup. On physical examination the skin of the patient has a bronze color. Which of the following findings will be seen in liver biopsy of this male child?,Apoptotic hepatocytes,Hepatocyte swelling,Hepatocyte regeneration,Hemosiderin in hepatocytes,Cholestasis
Set_1: q18,Decrease in cell size and functional ability is defined as:,Atrophy,Apoptosis,Hypertrophy,Hyperplasia,Metaplasia
Set_1: q19,Walerian degeneration is seen in:,Part of nerve attached to cell body in a nerve that is cut peripherally,Cell body that is not attached to the nerve that is cut,Part of nerve not attached to cell body,Cell body that is attached to the nerve that is cut,It is not a type of nerve injury
Set_1: q20,Granuloma is characterized by-,Focal accumulation of activated macrophages,Collection of neutrophils,Newly formed vessels,Collection of eosinophils,Collection of basophils
Set_1: q21,"Marked mitochondrial dysfunction, mitochondrial swelling and large densities within the mitochondrial matrix are seen in which type of cell injury?",Cell death,Irreversible cell injury,Reversible cell injury,Necrosis,Apoptosis
Set_1: q22,"To which of the following family of chemical mediators of inflammation, lipoxins belong?",Chemokines,Arachidonic acid metabolites,Kinin system,Cytokines,Vasoactive amines
Set_1: q23,Enzyme responsible for respiratory burst is?,Peroxidase,Catalase,NADPH oxidase,Dehydrogenase,Lysozyme
Set_1: q24,Procalcitonin is considered as a marker for?,Sepsis,Medullary carcinoma of thyroid,Vitamin D resistant rickets,Parathyroid adenoma,Hyperthyroidism
Set_1: q25,"A 92-year-old man presents to his health care provider with a history of mild dementia, osteoarthritis, emphy - sema, cataract, and hypertension. What is the most likely diagnosis?",Hypovitaminosis E,Werner syndrome,Natural aging,Progeria (Hutchinson-Gilford syndrome),"Alzheimer’s disease1 Cellular Pathology, Inflammation, and Repair 3"
Set_1: q26,What cellular adaptation has occurred in this tissue shown below?,Metaplasia,Hyperplasia,Fatty change,Hypertrophy,Atrophy
Set_1: q27,Which of the following disorder is more likely to be associated with an exudate rather than a transudate?,Congestive heart failure,Inflammation,Nephrotic syndrome,Chronic liver disease,Diabetes mellitus
Set_1: q28,In acute inflammation hemodynamic changes like mas - sive vasodilation are mediated by which of the following chemicals?,Histamine,Bradykinin,Prostaglandins,"Histamine, bradykinin, and prostaglandins",Histamine and bradykinin
Set_1: q29,Inflammation is associated with which of the following cytokines?,Cytokines (IL-1),Cytokines (IL-6),Tumor necrosis factor-alpha,"IL-1, IL-6, and tumor necrosis factor-alpha",Prostacyclin (PGI 2)
Set_1: q30,Cytokines IL-8 is produced by which cell?,Neutrophil,Macrophage,Lymphocyte,Eosinophil,Basophil
Set_1: q31,Kupffer cells are found in which system?,Connective tissue,Lung,Liver,Bone,Brain
Set_1: q32,Which of the mitochondrial enzyme that activates cas - pases and indirectly brings about cell death through intrinsic pathway apoptosis?,Cytochrome c,Monoamine oxidase,Fatty acid CoA ligase,Cytochrome c-reductase,Rotenone-insensitive
Set_1: q33,Virulent organism producing severe tissue damage and extensive cell death is defined as:,Exudative inflammation,Necrotizing inflammation,Granulomatous inflammation,Interstitial inflammation,Cytopathic inflammation
Set_1: q34,Which of the following is a major chemotactic factor for lung macrophages?,CXCL17,N-formylmethionine,Leukotriene B4,Complement system produce C5a,α-Chemokines
Set_1: q35,Which of the following cell plays an important role in parasitic infections?,Neutrophil,Macrophage,Lymphocyte,Eosinophil,Basophil
Set_1: q36,What is the effect of bradykinin?,Pain,Bronchodilation,Vasoconstriction,Decrease vascular permeability,Platelet aggregation
Set_1: q37,What are the mediators of fever?,Cytokines IL-1,Leukotriene B4,Leukotriene C4,Prostacyclin,Thromboxane A2
Set_1: q38,Which of the following cytokine is involved in the pathogenesis of Castleman disease?,IL-2,IL-4,IL-6 Multiple Choice Questions 4,IL-10,IL-5
Set1: q39,Which of the following important mediators in asthma?,"Cytokines IL-4, IL-5, and IL-13",Interleukin-7 (IL-7),Interleukin-1 (IL-1),Interleukin-6 (IL-6),Interleukin-8 (IL-8)
Set_2: q1,,,,,,
Set_2: q2,"A 13-year-old female patient presents with clinical fea - tures of failure to develop secondary sex characteristics, short stature, primary amenorrhea, infertility, cystic hygroma, and web neck. What is the diagnosis?",Turner syndrome,Klinefelter syndrome,Edward syndrome,Cri du Chat syndrome,Patau syndrome
Set_2: q3,What is the karyotype of Klinefelter syndrome?,45 XO,47 XXY,46 XX,47 XX,47 XY
Set_2: q4,Chromosomal aberrations are due to a change in the nor - mal chromosome number or a change in the structure of a chromosome. What is the genetic abnormality in Cri du Chat syndrome?,45 XO,47 XXY,Deletion of chromosome 5p,47 XX,47 XY
Set_2: q5,What are the clinical findings of Edward syndrome?,"Mental retardation, low set ears, micrognathia, over - lapping of the fingers, and rocker-bottom feet","Mental retardation, cleft lip and palate, cardiac defects, and polydactyly","Mental retardation, characteristic high pitched cat- like cry, congenital heart disease, and microcephaly","Testicular atrophy, female distribution of hair, and gynecomastia","Short stature, primary amenorrhea, infertility, cystic hygroma, and webbing of the neck"
Set_2: q6,"Which of the following is the most frequent form of familial mental retardation, mainly in males, with large ears and macro-orchidism?",Fragile X syndrome,Sotos syndrome,Asperger syndrome,Prader-Willi syndrome,Rett syndrome
Set_2: q7,Which of the following statements is correct regarding Niemann-Pick disease?,Enzyme defect is a deficiency of sphingomyelinase,Enzyme defect is a deficiency of glucocerebrosidase,Enzyme defect is a deficiency of hexosaminidase A,Enzyme defect is a deficiency of glucose-6-phospha - tase,Enzyme defect is a deficiency of lysosomal glucosi - dase (acid maltase)
Set_2: q8,"Which of the following is an autosomal recessive muco - polysaccharide storage disease which leads to typical facial dysmorphism with short stature, dementia, cor - neal clouding, and hepatosplenomegaly?",Hurler syndrome,Hunter syndrome,Sanfilippo syndrome,Maroteaux-Lamy syndrome,Sly syndrome
Set_2: q9,"Which of the following syndromes present as a recessive syndrome of primordial growth deficiency, telangiec - tatic erythema, and tendency to develop malignant tumors?",Turner syndrome,Klinefelter syndrome,Edward syndrome,Cri du Chat syndrome,Bloom syndrome
Set_2: q10,"Which of the following condition presents with classic generalized skeletal dysplasia with disproportionate  10 short stature, large head, coarse facial features, and X-ray findings of thoracolumbar kyphosis and lumbosa - cral lordosis?",Thanatophoric dysplasia,Achondroplasia,Hypochondroplasia,Pseudoachondroplasia,Metatropic dwarfism
Set_2: q11,Which of the following is a common finding in sponta - neously aborted fetuses?,Inversion,Deletion,Polyploidy,Nondisjunction,Trinucleotide repeat mutations
Set_2: q12,Which of the following is a hereditary metabolic disor - der with short stature and rachitic bone changes?,Familial hypophosphatemic rickets,Vitamin D deficiency rickets,Metaphyseal chondrodysplasia syndrome,Cartilage-hair hypoplasia,Pseudohypoparathyroidism
Set_2: q13,"Which of the following is a syndrome of oculocutaneous albinism, frequent bacterial infections, and large lyso - somal granules in the granulocytes?",Cutaneous T cell lymphoma,Oculocutaneous albinism,Chediak-Higashi syndrome,Pyoderma gangrenosum,Hemophagocytic lymphohistiocytosis (HLH)
Set_2: q14,What are the clinical findings of Patau syndrome?,"Mental retardation, low set ears, micrognathia, over - lapping fixed fingers, and Rocker-bottom feet.","Mental retardation, cleft lip and palate, cardiac defects, and polydactyly","Mental retardation, characteristic high pitched cat- like cry, congenital heart disease, and microcephaly","Testicular atrophy, female distribution of hair, and gynecomastia","Short stature, primary amenorrhea, infertility, cystic hygroma, and webbing of the neck"
Set_2: q15,An autosomal dominance is one of the many ways that a trait or disorder can be passed down through families. An autosomal dominant condition is?,Albinism,Huntington’s disease,Hurler’s syndrome,Hunter’s syndrome,Tay-Sachs disease.
Set_2: q16,Which of the following statements is correct regarding Gaucher disease?,Enzyme defect is a deficiency of sphingomyelinase,Enzyme defect is a deficiency of glucocerebrosidase,Enzyme defect is a deficiency of hexosaminidase A,Enzyme defect is a deficiency of glucose-6-phospha - tase,Enzyme defect is a deficiency of lysosomal glucosi - dase (acid maltase)
Set_2: q17,Which of the following medical condition is caused by deficiency of the enzyme hexosaminidase?,Tay-Sachs disease,Hurler syndrome,Fabry disease,Pompe disease,V on Gierke disease
Set_2: q18,"Which of the following is a characteristic of hereditary disorder of multiple cafe au lait spots, skin tumors, skel - etal and neurological signs?",Multiple lentigines syndrome,McCune-Albright syndrome,Acoustic neuroma,Neurofibromatosis type 2,Neurofibromatosis type 1
Set_2: q19,Marfan syndrome is an autosomal dominant connective tissue disorder. Which of the following mutation is seen in Marfan syndrome?,Fibrillin-1,Fibrillin-2,P mutation in chromosome 12q,DCP mutation in chromosome 15,P mutation in chromosome 11 p
Set_2: q20,"Which of the following is a characteristic syndrome of macular hemangiomas, especially of the face, signs of cerebral foci, and mental retardation common?",Sturge-Weber syndrome,Klippel-Trenaunay-Weber syndrome,Beckwith-Wiedemann syndrome,Siderosis,Dyke-Davidoff-Masson syndrome
Set_2: q21,Duchenne muscular dystrophy (DMD) is a rare muscle disorder. Duchenne muscular dystrophy is inherited as:,Mitochondrial DNA,Autosomal dominant,X-linked recessive,X-linked dominant,Multifactorial
Set_2: q22,A 35-year-old woman has V on Hippel-Lindau disease. The gene implicated in the renal tumor associated with V on Hippel-Lindau disease is located on chromosome:,3p,5q,11p,13q,17q2 Genetic Disorders 11
Set_2: q23,A 5-year-old child presents with a history of viral and fungal infections and has calcium of 5.6 mg/dL.  The most likely diagnosis is:,Fragile X syndrome,X-linked agammaglobulinemia,DiGeorge’s syndrome,Ehlers-Danlos syndrome (EDS),Tay-Sachs disease
Set_2: q24,Which of the following medical condition is an X-linked recessive disorder?,Familial hypercholesterolemia,V on Hippel-Lindau disease,Marfan’s syndrome,Wiskott-Aldrich syndrome,Albinism
Set_2: q25,"Cystic fibrosis (CF) is a multisystem disease affecting the lungs, digestive system, sweat glands, and reproduc - tive tract. Which chromosome encodes the cystic fibro - sis transmembrane conductance regulator (CFTR) protein?",21,3,18,7,X
Set_2: q26,"Clinical triad of chronic sinusitis, bronchiectasis, and situs inversus is found in which of the following condition?",Necrotizing pneumonias,Cystic fibrosis,Wegener’s granulomatosis,Kartagener’s syndrome,Asthma
Set_2: q27,"Which of the following is a characteristic of hereditary disease with neurological (progressive cerebellar ataxia), telangiectasia, and immune deficiency causing frequent respiratory tract infections?",Friedreich disease,Metachromatic leukodystrophy,Ataxia telangiectasia,Krabbe disease,Gaucher disease
Set_2: q28,Which of the following inheritance pattern is most likely to be present in Peutz-Jeghers syndrome?,Autosomal dominant,Autosomal recessive,X-linked recessive,X-linked dominant,Multifactorial
Set_2: q29,Which of the following syndrome is due to deletion of paternal chromosomes 15?,Angelman syndrome,Fragile X syndrome,Marfan syndrome,Ehlers-Danlos syndrome,Prader–Willi syndrome
Set2: q30,Which of the following is the most common chromo - somal disorder because of trisomy 21?,Edward syndrome,Patau syndrome,Cri du Chat syndrome,Down syndrome,Klinefelter syndrome
Set_3: q1,,,,,,
Set_3: q2,Which is the most common inherited immunodeficiency?,Bruton’s X-linked agammaglobulinemia,Common variable immunodeficiency,Severe combined immunodeficiency,Selective IgA deficiency,C1 inhibitor deficiency
Set_3: q3,Which immunoglobulin crosses the placenta?,IgM.,IgG,IgA,IgE,IgD
Set_3: q4,"In the lymph node, dendritic cells would be found in the:",Subcapsular sinus,Primary follicle,Germinal center,Outer cortex,Medulla
Set_3: q5,Immunological memory is a unique property of the immune system. Which of the following are the immu - nological memory cells?,T lymphocytes and NK cells,B lymphocytes and dendritic cells,T and B lymphocytes,Macrophages and B lymphocytes,B lymphocytes and lymphokine-activated killer (LAK) cells
Set_3: q6,Certain drugs may trigger an autoimmune response. Drug induced lupus antibodies are:,Anti-Ro antibodies,Anti-histone antibodies,Anti-Ul-ribonucleoprotein antibodies,Anti-Sm antibodies,Anti-Jo-1 antibodies
Set_3: q7,Hypersensitivity reactions are immune responses. Which of the following hypersensitivity immune response is responsible for Myasthenia Gravis?,Type II hypersensitivity,Type I hypersensitivity,Type IV hypersensitivity,Type III hypersensitivity,None of the above
Set_3: q8,Interleukin is defined as any class of glycoproteins pro - duced by leukocytes for regulating immune responses. Which interleukin is required for differentiation of eosinophils?,IL-2,IL-3,IL-4,IL-5,IL-10
Set_3: q9,Which of the following Interleukin is being used as immunotherapy for renal cell carcinoma and metastatic melanoma?,Interleukin-1,Interleukin-2,Interleukin-4,Interleukin-5,Interleukin-10
Set_3: q10,A 1-year-old boy has repeated upper respiratory infec - tions. Stool examination shows giardia lamblia cysts. Which of the following laboratory finding is likely to be useful in this boy?,Deficiencies of C5-C9,Low or absent immunoglobulins,Selective IgA deficiency,Antibodies to human immunodeficiency virus,Low CD4 count
Set_3: q11,Which of the following is produced by human cells in response to viral infection?,Tumor necrosis factors  18,Interferons,Interleukin-2,Interleukin-5,Interleukin-10
Set_3: q12,Which of the following causes increased susceptibility to giardia lamblia?,Common variable immunodeficiency,DiGeorge syndrome,Severe combined immunodeficiency,Wiskott-Aldrich syndrome,Chronic granulomatous disease
Set_3: q13,"A child is getting infections of candida, cytomegalovirus (CMV) and pneumocystis jirovecii (carinii). What is the best etiology of these infections?",Common variable immunodeficiency,DiGeorge’s syndrome,Severe combined immunodeficiency,Wiskott-Aldrich syndrome,Bruton’s X-linked agammaglobulinemia
Set_3: q14,A latent HIV reservoir is a group of immune cells in the body that are infected with HIV but are not actively producing new HIV . Which of the following cells are the reservoirs for the HIV virus?,B lymphocytes,T lymphocytes,Eosinophils,Follicular dendritic cells,Neutrophils
Set_3: q15,Which of the following are examples of Type IV hypersensitivity?,Atopic eczema and contact dermatitis,Tuberculosis and graft-versus-host disease,Leprosy and myasthenia gravis,Poison Ivy and Arthus reaction,Chronic granulomatous disease and chronic allograft rejection.
Set_3: q16,Langerhans cell histiocytosis (LCH) is a rare disease. Which of the following is a marker for Langerhans cells?,CD30,CD1a,CD10,CD34,CD31
Set_3: q17,Amyloidosis is the general term used to refer to the extracellular tissue deposition of fibrils. Amyloid is stained by?,PAS,Congo red,Hematoxylin and eosin,Methenamine silver,Silver nitrate
Set_3: q18,The mechanism by which an antigen triggers an adaptive immune response involves several steps. Which of the following cells do not act as antigen presenting cells?,B lymphocytes,Macrophages,Osteoclasts,Dendritic cells,Basophils
Set_3: q19,Which is the most common specific antibody deficiency?,IgA,IgD,IgE,IgG,IgM
Set_3: q20,"A 2-year-old boy presents with fever and a history of recurrent bacterial infections. Physical examination shows lymphadenitis, hepatospleno-megaly, and pneu - monia. Which of the following underlying condition best explain these findings?",Cystic fibrosis,Glucose-6-phosphate dehydrogenase (G6PD) deficiency,"Leukocyte adhesion deficiency, type 1",DiGeorge syndrome,Chronic granulomatous disease
Set_3: q21,Which of the following diseases is associated with HLA- B27 antigen?,Rheumatoid arthritis,Ankylosing spondylitis,Felty syndrome,Systemic lupus erythematosus (SLE),Hashimoto thyroiditis
Set_3: q22,Children with selective IgA deficiency are at increased risk for which of the following gastrointestinal condition?,Tufting enteropathy,Celiac disease,Juvenile polyposis,Necrotizing enterocolitis,Autoimmune enteropathy
Set_3: q23,Which of the following type of hypersensitivity is medi - ated by T cells?,Type I,Type II,Type III,Type IV,
Set_3: q24,What is the best marker for enumerating total peripheral blood T cells?,CD4,CD83 Immune System Disorders 19,CD11b,CD14,CD3
Set_3: q25,The high endothelial venules (HEV) are the sites at which:,Memory B cells enter the lymph node,Plasma cells leave the lymph node.,Foreign antigen enters the lymph node,Mature B cells leave the lymph node,Secretory antibody leaves the lymph node
Set_3: q26,Which complement factor levels are assayed for defects in the alternate pathway of activation?,C1q,C3,C4,C5,C9
Set_3: q27,What chromosome is home to the major histocompati - bility complex?,3,6,11,13,17
Set_3: q28,Which of the following antibody activates complement through the alternate pathway?,IgG,IgM,IgA,IgD,IgE
Set_3: q29,What type of immunoglobulin receptor do mast cells express?,Fc alpha,Fc beta,Fc gamma,Fc delta,Fc epsilon
Set_3: q30,Which chromosome bears the genes for the heavy chains?,2,22,14,16,Depends on which heavy chain
Set3: q31,Which of the following is an underlying cause of Henoch-Schonlein purpura?,Type III hypersensitivity reaction,Type II hypersensitivity reaction,Type IV hypersensitivity reaction,Type I hypersensitivity reaction,
Set_4: q1,,,,,,
Set_4: q2,Which gene is found in Mantle cell lymphoma (MCL)?,CDK4,Ki-ras,Cyclin D1 gene,L-myc,N-myc
Set_4: q3,"A 35-year-old HIV positive male patient presents with nontender, firm, rubbery lymph nodes in the left side of the neck. Histologically, large Hodgkin–Reed-Sternberg cells with multiple nuclei and prominent nucleoli are present. What is the diagnosis?",Nodular sclerosis cHL,Lymphocyte depleted cHL,Lymphocyte rich cHL,Non-Hodgkin lymphoma,Mixed cellularity cHL
Set_4: q4,Which of the oncogene is present in squamous cell car - cinoma in the lung?,ErbB1,ErbB2,ErbB3,Ki-ras,Cyclin D
Set_4: q5,Which of the following carcinoma shows increased expression of ERBB2 (HER2) gene?,Carcinoma of the stomach,Melanoma,Astrocytoma,Infiltrating ductal and intraductal carcinoma of the breast,Ovarian carcinoma  24
Set_4: q6,Microscopic images from lymph node of a 35-year-old male patient are shown below. What is the diagnosis?,Mixed cellularity Hodgkin lymphoma,Nodular sclerosis Hodgkin lymphoma,Lymphocyte rich classical Hodgkin lymphoma,Lymphocyte depleted Hodgkin lymphoma,Non-Hodgkin lymphoma
Set_4: q7,"Which of the following oncogene is found in the carci - noma of the lung, pancreas, and colon?",Ki-ras,L-myc,N-myc,CDK4,RET
Set_4: q8,Mediastinal tumors are rare neoplasms. The most com - mon tumor of the mediastinum is:,Lymphoma,Mediastinal germ cell tumor,Thymoma,Mediastinal lymphangioma,Mediastinal parathyroid adenomas
Set_4: q9,Naphthylamine is a chemical carcinogen responsible for which of the following carcinoma?,Angiosarcoma of liver,Squamous cell carcinoma of skin,Bronchogenic carcinoma,Carcinoma bladder,Lymphoma
Set_4: q10,Malignant tumor of mesenchymal tissue is referred to as?,Choristoma,Carcinoma,Hamartoma,Teratoma,Sarcoma
Set_4: q11,"A 20-year-old male presents with anterior mediastinal mass. Biopsy of the mass is performed and H&E stained section shows cells which express CD20+, BSAP+, and EMA+. They show CD15 and CD30 expression. What is the diagnosis?",Nodular sclerosis Hodgkin lymphoma.,Mixed cellularity Hodgkin lymphoma.,Lymphocyte depleted Hodgkin lymphoma.,Lymphocyte rich Hodgkin lymphoma.,Lymphocyte predominant Hodgkin lymphoma
Set_4: q12,A 10-year-old male presents with a rapidly enlarging maxillary mass. Biopsy is done and the microscopic pic - ture shows starry-sky appearance. What is the diagnosis?4 Neoplastic Disorders 25,Follicular lymphoma,Mantle cell lymphoma,Hodgkin lymphoma,Burkitt lymphoma,Lymphoblastic lymphoma
Set_4: q13,A 59-year-old female with HIV/AIDS with history of diffuse large B cell lymphoma presents with left supra - clavicular adenopathy. Laboratory findings shows leu - kopenia and lymphopenia. An excisional biopsy of the enlarged lymph node is performed and H&E picture shows diffuse effacement of the lymph node by sheets of histiocytes. What is the diagnosis?,Mycobacterium tuberculosis infection,Cytomegalovirus infection,Nocardia infection,Actinomyces infection,Mycobacterium avium-intracellulare infection
Set_4: q14,"Some benign tumors of the liver are typically discovered incidentally at laparotomy, autopsy, or during an imag - ing test performed for unrelated conditions. Which of the following is the most common benign tumor in the liver?",Hepatoma,Hemangioma,Hepatic adenoma,Cholangiosarcoma,Focal nodular hyperplasia
Set_4: q15,A 39-year-old man comes to the dentist’s office with symptoms of enlargement of left tonsil for the last 6 months. Physical examination shows enlargement of right palatine tonsil. Biopsy is done and microscopic picture shows effacement of germinal centers which are replaced by irregular nodules composed of small lym - phocytes. What is the diagnosis?,Hodgkin’s disease,Reactive lymphoid hyperplasia,Follicular lymphoma,Tonsillar abscess,Diffuse lymphoma
Set_4: q16,A 55-year-old male with a history of hyperimmuno- globulinemia presents with enlarged cervical lymph nodes. Biopsy of the lymph node is done and microscopic picture shows polymorphous appearance of a lymph node with diffuse effacement of the architecture. There is increased endothelial venules. What is the diagnosis?,Multicentric giant lymph node hyperplasia,Angioimmunoblastic T cell lymphoma,Lymphoma,Classic Hodgkin lymphoma mixed cellularity type,Sezary syndrome
Set_4: q17,A 37-year-old male presents with lymph nodes in the right side of the neck. Biopsy of a lymph node is done and microscopic picture shows mixed inflammatory background without sclerosis and Hodgkin–Reed- Sternberg cells. What is the diagnosis?,Nodular sclerosis cHL,Mixed cellularity cHL,Lymphocyte rich cHL,Lymphocyte depleted cHL,Lymphocyte predominant Hodgkin lymphoma
Set_4: q18,Prostate cancer is the second most common cancer in men worldwide. Which fusion gene is found in prostate cancer?,TMPRSS2-ERG,MYB-NFIB,PAX8-PPARG,ETV6-NTRK3,TFG-GPR128
Set_4: q19,"A 17-year-old male presents with recurrent fever, weight loss, and a large painless lump in his groin for the last 8 months. Laboratory findings show pancytopenia. Imaging studies reveal diffuse lymphadenopathy. Cells shows anaplastic lymphoma kinase positivity. What is the diagnosis?",Anaplastic large cell lymphoma,Classical Hodgkin lymphoma,Diffuse large B cell lymphoma,Metastatic carcinoma,Malignant histiocytosis
Set_4: q20,A 14-year-old boy presents with submandibular lymph - adenopathy for the last 2 months. Lymph nodes are freely mobile and firm. Biopsy shows scattered epitheli - oid histiocytes scattered in the cortical and paracortical areas. What is the diagnosis?,Toxoplasmosis,Cat scratch disease,Histoplasmosis,Lymphoblastic lymphoma,Metastatic cancer with unknown primary site
Set_4: q21,An 8-year-old boy brought to the pediatrician office by his mother. Physical examination shows hepatospleno - megaly. Laboratory findings show elevated transami - nases. Bone marrow biopsy shows numerous macrophages with a wrinkled tissue paper appearance. What is the diagnosis?,Niemann-Pick disease,GM1 gangliosidosis,Gaucher disease,Hand-Schuller-Christian disease,Mastocytosis Multiple Choice Questions 26
Set_4: q22,Microscopic picture of a type of Hodgkin lymphoma is shown below. Cells have a strong expression of CD,,,,,
Set_4: q23,What is the diagnosis?,Nodular sclerosis cHL (NSCHL),Mixed cellularity cHL (MCCHL),Lymphocyte rich cHL (LRCHL),Lymphocyte depleted cHL (LDCHL),Nodular lymphocyte predominant HL (NLPHL)
Set4: q24,"A 57-year-old male present with fever, night sweats, and enlarging lump in his right neck. Imaging studies shows diffuse mediastinal and retroperitoneal lymphadenopa - thy. Excisional biopsy shows numerous large cells with prominent nucleoli. The tumor shows CD20 positivity. What is the diagnosis?",Follicular lymphoma,Lymphoblastic lymphoma,Diffuse large B cell lymphoma,Mantle cell lymphoma,Mediastinal lymphoma
Set_5: q1,,,,,,
Set_5: q2,"A 39-year-old diabetic patient presents with cough, fever, headache, nasal congestion, facial pain. On exam - ination there is black necrotic eschar in the nasal cavity. Histological examination of the affected tissue shows broad nonseptate hyphae with right-angle branching. What is the diagnosis?",Mucormycosis,Aspergillosis,Actinomyces israelii,Candida albicans,Leishmania major
Set_5: q3,Patient was admitted to the hospital because of bleeding duodenal ulcer. Culture at 37oC grew urease-positive curved bacteria. The most likely causative agent is:,Campylobacter jejuni,Streptococcus faecalis,Enterococcus,Pseudomonas aeruginosa,Helicobacter pylori
Set_5: q4,A patient with uncontrolled diabetes mellitus gets fungal infection. Microscopic examination of the fungus shows that the hyphae are septate and branch at more acute angles. What is the diagnosis?,Mucormycosis,Aspergillosis,Actinomyces israelii,Candida albicans,Blastomycosis
Set_5: q5,"A 2-year-old boy presents with symptoms of large vol - ume, watery diarrhea for the last one day. Polymerase chain reaction testing of the stool sample yields a virus with a segmented, double-stranded RNA genome. Which organism is responsible for this presentation?",Rotavirus,Enteric coronaviruses,Norwalk virus,Calicivirus,Entamoeba histolytica
Set_5: q6,"A 50-year-old woman is admitted to the hospital with fever, headache, confusion, and ataxia. Similar cases are also reported in a neighboring hospital. Which organism is most likely responsible for this outbreak?",Escherichia coli O157:H7,Streptococcus pneumoniae,Klebsiella pneumoniae,Vibrio cholerae,Listeria monocytogenes
Set_5: q7,Which of the following characteristics is an important virulence factor in Haemophilus influenzae type b?,Exotoxin,Polyribosyl ribitol phosphate,Endotoxin,Adhesins,Yersiniabactin
Set_5: q8,Which of the following pathogens is a leading cause of atypical pneumonia?,Mycoplasma pneumoniae,Streptococcus pneumoniae,Haemophilus influenzae,Chlamydia pneumoniae,Legionella pneumophila
Set_5: q9,Which of the following requires airborne precautions?,Disseminated varicella zoster,Allergic contact dermatitis,Influenza A,Rubella,Ebola
Set_5: q10,"A 42-year-old patient presents with fever, sore throat, tachypnea and shortness of breath, and maculopapular rash on the trunk is hospitalized in the emergency. Patients also developed bleeding in the stool, petechiae, ecchymoses, oozing from venipuncture sites and muco - sal bleeding. Patient also develops meningoencephalitis. Unfortunately the patient died due to multi-organ failure  32 and shock. Which of the following infectious agents is most likely to produce these findings?",Influenza virus,Ebola virus,Lassa virus,Yellow fever virus,Cytomegalovirus
Set_5: q11,"A 40-year-old homosexual man presents with anorec - tal spasms, pain, bloody discharge, and peri-anal sores. Patients also reported a genital ulcer. Which of the following is responsible for this patient conditions?",Human papillomavirus,Trichomoniasis,Chlamydia trachomatis,Neisseria gonorrhoeae,Herpes simplex virus (HSV) infection
Set_5: q12,Which of the following pathogenic bacteria produces swarming growth on blood agar?,Proteus species,Clostridium botulinum,Staphylococcus aureus,Escherichia coli,Klebsiella pneumoniae
Set_5: q13,Most common virus associated with laryngeal papilloma is:,HPV 6,HPV 24,HPV 32,HPV 36,HPV 17
Set_5: q14,A photograph is shown below. What is the diagnosis?,Loa loa,Mansonella species,Brugia malayi,Brugia timori,Wuchereria bancrofti
Set_5: q15,Which of the following organism requires fatty-  acid supplementation for growth?,Aspergillus fumigatus,Histoplasma capsulatum,Coccidioides immitis,Malassezia furfur,Candida albicans
Set_5: q16,"A 65-year-old man presents with fever, severe headache, and nuchal rigidity. Physical examination in the emer - gency department shows a Glasgow coma score of",,,,,
Set_5: q17,"Lumbar puncture reveals cloudy cerebrospinal fluid (CSF) with 1200 neutrophils/mm3, elevated protein, and decreased glucose. Which of the following is the most probable etiologic agent of this condition?",Arbovirus,Herpesvirus,Mycobacterium tuberculosis,Neisseria meningitidis,Streptococcus pneumoniae
Set_5: q18,"A 33-year-old woman presents with severe, acute, right upper quadrant abdominal pain. She had several months of bloody diarrhea. CT scan of the liver demonstrates lesions that are interpreted to be abscesses. Which of the following is the most likely cause of her illness?",Ascaris lumbricoides,Entamoeba histolytica,Enterobius vermicularis,Salmonella typhi,Shigellosis
Set_5: q19,A 2-month-old male infant is brought to the emergency room by his mother with symptoms of paroxysms of coughing and choking spells. During the examination the infant was found gasping for breath. Complete blood picture shows 84% lymphocytes. Which of the following organism is responsible for these symptoms?,Streptococcus pneumoniae,Bordetella pertussis,Streptococcus pyogenes,Klebsiella pneumoniae,Mycoplasma pneumoniae
Set_5: q20,Which of the following is transmissible between people?,Epidermophyton,Histoplasma capsulatum,Coccidioides immitis,Trichophyton rubrum,Microsporum
Set_5: q21,There is an incidental finding of a common nematode infection in a colon biopsy of a 52-year-old female day- care worker. Which of the following organism is likely to be present?,Enterobius vermicularis,Ascariasis5 Infectious Diseases 33,Giardiasis,Entamoeba histolytica,Tropheryma whipplei
Set_5: q22,A 62-year-old man presents with symptoms of high grade fever and productive cough for the last 10 days. X-ray of the chest shows areas of consolidation of the left lower lobe. Unfortunately the patient died in the hos - pital. Autopsy shows bronchopleural fistula and abscess formation with sulfur granules. Which of the following organism is responsible for this patient’s condition?,Nocardia asteroides,Staphylococcus aureus,Klebsiella pneumoniae,Actinomyces israelii,Mycobacterium kansasii
Set_5: q23,"A 35-year-old male patient with a diagnosis of acute myelogenous leukemia underwent a stem cell transplant. The patient develops fever and becomes unresponsive after 10 days. Lumbar puncture is done. CSF culture is performed and shows organisms which are catalase neg - ative, LAP positive, PVR positive, and positive for the Lancefield D antigen. Which of the following organism causing this infection?",Enterococcus species,Escherichia coli,Klebsiella pneumoniae,Streptococcus pyogenes,Staphylococcus aureus
Set_5: q24,A 59-year-old diabetic male patient with a diagnosis of acute myeloid leukemia status post bone marrow trans - plant presents with right sided facial swelling. Invasive fungus is suspected which is confirmed by fungal cul - ture. Histology shows non septate hyaline hyphae. Which of the following organisms is most likely to pro - duce these findings?,Aspergillosis,Mucor species,Zygomycota,Ascomycota,Basidiomycota
Set_5: q25,Which of the following parasites is associated with meg - aloblastic anemia?,Necator americanus,Ancylostoma duodenale,Diphyllobothrium latum,Entamoeba histolytica,Ascariasis
Set_5: q26,"A 19-year-old high school athlete presents with excruci - ating left ear pain. Physical examination shows diffused inflamed, encrusted, ear canal with weeping lesion. Which of the following organism is most likely to pro - duce these findings?",Escherichia coli,Aspergillus niger,Proteus vulgaris,Pseudomonas aeruginosa,Klebsiella pneumoniae
Set_5: q27,A 39-year-old woman presents with symptoms of inter - mittent bloody urine. A diagnosis of infection with an adult worm is suspected. This adult worm resides in the veins of the urine bladder. Which of the following is most likely to cause these clinical findings?,Schistosoma haematobium,Trematodes (flukes),Diphyllobothriasis,Strongyloidiasis,Cysticercosis
Set_5: q28,A 14-year-old male with sickle cell anemia presents with shortness of breath that has been getting worse over the past several days. Laboratory finding shows rela - tively low reticulocyte count (0.5%). Which of the fol - lowing virus is most likely to produce these findings?,Retrovirus,Parvovirus B 19,Adenovirus,Epstein–Barr virus,Calicivirus
Set_5: q29,"A 28-year-old woman with HIV infection presents with symptoms of fever, sweats, malaise, and sore throat for the last 2 weeks. Physical examination shows swollen tender cervical lymph nodes. Endoscopic examination shows plaques throughout her esophagus. Which of the following is the diagnosis related to the sore throat?",Disseminated pneumocystis carimi,Candida esophagitis,Hairy leukoplakia,Cytomegalovirus ulcers of the esophagus,Lymphoma of the esophagus
Set_5: q30,A 24-year-old recently married female with symptoms of dysuria. A urine nitrite test is negative. The bacteria is cul - tured. Biochemical tests are catalase+/coagulase-/novo - biocin resistant bacteria. Which of the following infectious agents is most likely to produce these findings?,Staphylococcus saprophyticus,Escherichia coli,Staphylococcus aureus,Pseudomonas aeruginosa,Proteus vulgaris
Set5: q31,A 10-year-old child brought to the pediatrician office with the symptoms of fever. Mother states that the fever has been occurring every 2 days. A CBC with peripheral blood smear is ordered. Peripheral blood smear shows a parasite causing the fever. What is the diagnosis?,Plasmodium ovale,Plasmodium knowlesi,Plasmodium malariae,Plasmodium vivax,Plasmodium falciparum Multiple Choice Questions 34
Set_6: q1,,,,,,
Set_6: q2,Medial calcification is seen in:,Atherosclerosis,Arteriosclerosis,Monckeberg sclerosis,Dissecting aneurysm,Malignant hypertension
Set_6: q3,Neointimal hyperplasia causes vascular graft failure as a result of hypertrophy of:,Smooth muscle cells,Endothelial cells,Collagen fibers,Elastic fibers,Epithelial cells
Set_6: q4,Atheromatous changes of blood vessels affects early in:,Kidney,Heart,Liver,Spleen,Brain
Set_6: q5,Most common cause of aortic aneurysm is:,Syphilis,Marfan's syndrome,Atherosclerosis,Congenital,HIV
Set_6: q6,Most common cause of aortic dissection is:,Hypertension,Diabetes melitus,Trauma,Marfan's syndrome,Myocardial infarction
Set_6: q7,Muscle biopsy in polyarteritis nodosa (PAN) show:,Necrotizing arteritis,Atrophy,Granulomatous lesion,Ring lesion,Fragmentation of the internal elastic lamina
Set_6: q8,Hypersensitivity vasculitis is seen most commonly in:,Post capillary venules,Arterioles,Veins,Capillaries,Elastic arteries
Set_6: q9,Hypersensitivity vasculitis is seen in which complication:,Systemic lupus erythematosus,Polyarteritis nodosa,Henoch-Schonlein purpura,Buerger’s disease,Wegener's granulomatosis
Set_6: q10,The tissue of origin of Kaposi sarcoma is:,Lymphoid,Vascular,Neural,Muscular,Bone
Set_6: q11,"A 20-year-old female presents with low grade fever, fatigue, and arthralgia. Physical examination shows absence or weak peripheral pulse of radial artery. What is the diagnosis?",Giant cell arteritis,Takayasu arteritis,Bechet syndrome,IgG4-related disease,Fibromuscular dysplasia
Set_6: q12,"A 60-year-old male presents with headache visual dis - turbance jaw claudication, sudden onset of visual changes. Laboratory findings show elevated erythrocyte sedimentation rate. What is the diagnosis?",Giant cell arteritis,Migraine headache,Polymyalgia rheumatica,Postherpetic neuralgia,Transient ischemic attack
Set_6: q13,"A middle-aged man presents with bilateral pneumonitis with nodular and cavitary pulmonary infiltrates, chronic  40 sinusitis, nasopharyngeal ulcerations, and renal disease. Laboratory findings show cytoplasmic antineutrophil cytoplasmic autoantibodies (c-ANCA). Which of the following diagnosis is most compatible with the findings in this case?",Wegener’s granulomatosis,Goodpasture’s disease,Buerger’s disease,Lupus nephritis,Postinfectious glomerulonephritis
Set_6: q14,A 32-year-old male smoker develops gangrenous toes of the left foot. His serum cholesterol level is 135 mg/ dL. What is the diagnosis?,Monckeberg’s arteriosclerosis,Severe atherosclerosis,Thromboangiitis obliterans,Giant cell arteritis,Kawasaki’s disease
Set_6: q15,"A 45-year-old man injures his left knee while skiing and undergoes arthroscopic surgery. He continues to have considerable left knee pain despite receiving analgesic medication. He spends the next few days in bed. On the fifth postoperative day, he develops acute right-sided chest pain. What is the most likely diagnosis?",Pulmonary embolism,Drug reaction,Aspiration pneumonia,Diffuse alveolar damage,Viral pneumonia
Set_6: q16,Which of the following substances is most likely to reduce serum level of cholesterol?,Apolipoprotein,Lipoprotein,Omega-3 fatty acids,C-reactive protein,Exercise
Set_6: q17,Which of the following is true about atherogenesis?,Vascular cell adhesion molecule 1 (VCAM-1),Activated endothelial cells and leukocytes release growth factors,Calcification and peripheral neovascularization,A and B,All of the above
Set_6: q18,An increase in which of the following is most likely to increase the risk for the development of cardiovascular risk?,Erythrocyte sedimentation rate (ESR),White blood cell count,C-reactive protein (CRP),Total protein,Cryoglobulin
Set_6: q19,A 52-year-old woman presents with severe headache. CT scan shows an intracranial hemorrhage. Which of the following complication is most likely to occur as a con - sequence of her condition?,Antiphospholipid syndrome,Mycotic aneurysm,Atrial myxoma,Systemic lupus erythematosus,Polymyalgia rheumatica
Set_6: q20,An exaggerated vascular response to cold temperatures or emotional stress is seen in which of the following vas - cular disorder?,Antiphospholipid syndrome,Cryoglobulinemia,Mixed connective tissue disease,Scleroderma,Raynaud’s phenomenon
Set_6: q21,Which of the following arteries is most commonly affected in Kawasaki disease?,External carotid artery,Subclavian artery,Coronary artery,Renal artery,Femoral artery
Set6: q22,"Unilateral leg swelling, warmth, erythema Homan’s sign are characteristics of which of the following vascular disease?",Lymphangitis,Deep vein thrombosis,Cellulitis,Septic thrombophlebitis,Pulmonary embolism
Set_7: q1,,,,,,
Set_7: q2,A 46-year-old woman with a history of systemic lupus erythematosus comes to the physician office due to fre - quent thromboembolic events due to a mitral valve mass. Transesophageal echocardiography demonstrated verru - cous vegetations on the mitral valve. What is the diagnosis?,Degenerative valvular disease,Rheumatic valvular disease,Infective endocarditis,Libman–Sacks endocarditis,Non-bacterial thrombotic endocarditis
Set_7: q3,What is the characteristic feature of rheumatic carditis?,Pericarditis,Endocarditis,Myocarditis,Pancarditis,Reflux carditis
Set_7: q4,What is the characteristic diagnostic histological feature of rheumatic heart disease?,Aschoff body,Bread butter pericarditis,Eosinophilic infiltration,Patchy infarction,Deep granuloma annulare
Set_7: q5,The commonest type of pericarditis in acute rheumatic fever is:,Serous pericarditis,Fibrinous pericarditis,Purulent pericarditis,Myxomatous pericarditis,Constrictive pericarditis
Set_7: q6,"A 14-year-old male died suddenly while playing basket - ball. An autopsy is performed, and a gross photograph of the heart opened to reveal the left ventricle, is shown here. What is the diagnosis?",Hypertrophic cardiomyopathy (HCM),Hypertensive heart disease,Aortic stenosis,Restrictive cardiomyopathy,Fabry disease
Set_7: q7,Gross picture of heart with marked left ventricular hypertrophy is shown below. What is the diagnosis?  46,Pheochromocytoma,Hypertension,MEN I (Wermer’s syndrome),MEN II (IIa or Sipple’s syndrome),MEN III
Set_7: q8,Tetralogy of Fallot is defined as:,Right ventricular hypertrophy,Ventricular septal defect,Pulmonary stenosis,An aorta that overrides the ventricular septal defect,All of the above
Set_7: q9,A surgically resected mitral valve has a “fish-mouth” shape due to commissural fusion. These changes are most likely the result of:,Infective endocarditis,Rheumatic heart disease,Left ventricular enlargement,Myxomatous degeneration,Papillary muscle rupture
Set_7: q10,A 22-year-old man who has multiple cutaneous xantho - mas presents to a local emergency room complaining an acute onset of chest pain while jogging. There is a family history of myocardial infarction in his 26-year-old brother and his father at young age. An EKG is done which shows ST elevation in the left precordial leads. Laboratory studies show elevated Troponin I.  Patient dies due to ventricular fibrillation. Which of the follow - ing risk factors is most likely responsible for this man’s cardiac disease?,Niemann–Pick disease,Glycogen storage disease type 1,Gaucher’s disease,Familial hypercholesterolemia,Tay–Sachs disease
Set_7: q11,A 59-year-old woman has metastatic breast carcinoma. Which of the following condition is well described phe - nomenon associated with malignancies?,Calcific valvular disease,Antiphospholipid syndrome,Acute infectious endocarditis,Atrial myxoma,Marantic endocarditis
Set_7: q12,What is the earliest microscopic sequence of changes in the heart after myocardial infarction?,Wavy myocyte fibers,Coagulative necrosis,Neutrophilic infiltrate,Macrophages,Granulation tissue
Set_7: q13,What is the most common cardiovascular manifestation associated with systemic lupus erythematosus?,Myocarditis,Cardiomyopathy,Pericarditis,Pancreatitis,Pulmonary hypertension
Set_7: q14,Rupture of the free wall of the ventricle is most common within how many days postmyocardial infarction?,48 h post-MI,24 h post-MI,3–7 days post-MI,2 weeks post-MI,3 weeks post-MI
Set_7: q15,"In order to make a morphologic diagnosis of definite myocarditis, which of the following changes are required?",Inflammatory infiltration and myocyte necrosis,Eosinophilic infiltration,Giant cells,Inflammatory infiltration,Inflammatory infiltration and fibrosis
Set_7: q16,Which of the following is associated with cardiac rhabdomyoma?,Hibernoma,Reticulohistiocytoma,Myxoma,Tuberous sclerosis,Hemangiomas
Set_7: q17,Microscopic findings intra-alveolar hemosiderin-laden macrophages are suggestive of:,Acute respiratory distress syndrome,Bacterial pneumonia,Cardiogenic pulmonary edema,Congestive heart failure,Serous pericarditis
Set_7: q18,Which of the following serum marker is used to diag - nose myocardial infarction in 3–6 h?,CK-MB,LDH,Alanine aminotransferase (ALT),Troponin I & T,Aspartate aminotransferase (AST)
Set_7: q19,Which of the following is associated with Marfan’s syndrome?7 The Heart 47,Mitral regurgitation,Pulmonary regurgitation,Mitral valve prolapse,Pulmonic stenosis,Tricuspid valve atresia
Set_7: q20,Microscopic findings of amorphous extracellular matrix with scattered stellate or globular myxoma cells within abundant mucopolysaccharide ground substances are characteristic of which cardiac tumor?,Cardiac myxoma,Cardiac rhabdomyoma,Lipoma,Primary malignant cardiac tumor,Carcinoid tumor
Set_7: q21,The congenital heart anomaly that is least likely to cause neonatal cyanosis is:,Ventricular septal defect,Tricuspid atresia,Tetralogy of fallot,Transposition of great vessels,Truncus arteriosus
Set_7: q22,What is the diagnosis regarding the disease process seen in this heart microscopic section?,Cardiac amyloidosis,Hypertensive heart disease,Hypertrophic cardiomyopathy,Glycogen storage disease,Fabry disease
Set_7: q23,"A complete atrioventricular (A V) canal defect is com - prised of an atrial septal defect, a ventricular septal defect, and a common A/V valve. This congenital car - diac anomaly is associated with which of the following medical conditions?",Zellweger syndrome,Trisomy 18,Down syndrome,Congenital hypothyroidism,DiGeorge syndrome
Set_7: q24,A 33-year-old male is brought dead to the emergency department. Autopsy shows a ruptured cerebral aneu -rysm with extensive intracranial hemorrhage. Which of the following disease is associated with this patient’s condition?,Patent ductus arteriosus,Transposition of the great arteries,Atrial septal defect,Coarctation of the aorta,Bicuspid aortic valve
Set_7: q25,A 27-year-old male patient is brought by his friends to the emergency room with severe shortness of breath. The patient dies suddenly. Troponin and CK-MB were elevated. What is the diagnosis?,Dilated cardiomyopathy (DCM),Hypertrophic cardiomyopathy,Restrictive cardiomyopathy,Acute coronary syndrome,Cardiac tamponade
Set7: q26,A 51-year-old male patient with about 2 years of dys - pnea on exertion dies in a motor vehicle accident. Autopsy shows 5 cm atrial mass. What is the diagnosis?,Angioma,Rhabdomyosarcoma,Myxoma,Liposarcoma,Teratoma
Set_8: q1,,,,,,
Set_8: q2,Paroxysmal nocturnal hemoglobinuria (PNH) is associ - ated with deficiency of:,MIRL (Membrane inhibitor of reactive lysis),DAF (Decay accelerating factor),LFA-1 (Lymphocyte function-associated antigen 1),GPI (Glycosylphosphatidylinositol) anchored proteins,LFA-3 (Lymphocyte function-associated antigen 3)
Set_8: q3,"A 20-year-old female comes to the physician office with symptoms of increased menstrual flow and easy bruis - ing. Laboratory investigations show platelet count of 26,000/mm",,,,,
Set_8: q4,A diagnosis of idiopathic thrombocytope - nic purpura (ITP) is made. Which of the following is responsible for low platelet count in ITP?,Antiplatelet antibodies,Defective platelet aggregation,Hypersplenism,Ineffective megakaryopoiesis,Mechanical trauma
Set_8: q5,A 70-year-old male presents with bone pain in the back and renal failure. Bone marrow aspirate shows abnormal blasts. Which finding is expected in the red blood cells of the peripheral blood smear?,Rouleaux formation,Schistocytes,Teardrop-shaped red cells,Dacrocytes,Bite cells
Set_8: q6,Thrombocytosis refers to an increased platelet count. Which of the following is correct statement regarding thrombocytosis?,"Platelet count of >200,000/ μL (>200 × 109/L)","Platelet count of >250,000/ μL (>250 × 109/L)","Platelet count of >350,000/ μL (>350 × 109/L)","Platelet count of >325,000/ μL (>325 × 109/L)","Platelet count of >450,000/ μL (>450 × 109/L)"
Set_8: q7,Howell–Jolly bodies are a cytopathological findings of basophilic nuclear remnants (clusters of DNA) in circu - lating erythrocytes. Howell–Jolly bodies are found in which of the following condition?,Asplenia (surgical or functional),Iron deficiency anemia,β-Thalassemia minor,Glucose-6-phosphate dehydrogenase deficiency,Megaloblastic anemia
Set_8: q8,"A 29-year-old female is scheduled for elective surgery. Screening tests for bleeding disorder are done. Prothrombin time (PT) = 13.7 s, Partial thromboplastin time (PTT) = 100 s, PTT (50:50 MIX) = 29.3 s, PTT (50:50 MIX-1 h) = 28.6 s. Which of the following factor is likely to be deficient?",Factor XII,Factor XI,Factor VIII,Factor IX,Factor X
Set_8: q9,The cytogenetic defect t(15;17) is associated with which of the following leukemia?,Chronic myeloid leukemia,Acute promyelocytic leukemia,Acute lymphoblastic leukemia,Chronic lymphocytic leukemia,Acute monocytic leukemia
Set_8: q10,"A 59-year-old female with breast cancer presents with fatigue. Complete blood count shows pancytopenia. Peripheral blood smear shows nucleated red cells, dac - rocytes, and immature granulocytes but no blasts. What is the diagnosis?  54",Acute myeloid leukemia,Myelodysplastic syndrome,Myelophthisic anemia,Chronic lymphocytic leukemia,Chronic myeloid leukemia.
Set_8: q11,"Laboratory findings of anemia, thrombocytopenia, and leukopenia are characteristic of which of the following type of anemia?",Megaloblastic anemia,Iron deficiency anemia,Aplastic anemia,Sickle cell anemia.,β Thalassemia
Set_8: q12,Ineffective erythropoiesis is characteristic of which one of the following conditions?,β Thalassemia major,Iron deficiency anemia.,Aplastic anemia,Sickle cell anemia.,Glucose-6-Phosphate Dehydrogenase (G6PD) Deficiency.
Set_8: q13,Which of the following is a poor prognostic indicator in acute lymphoblastic leukemia (ALL)?,t(4;11)(q21;q23),t(1;19)(q23;p13),t(5;14)(q31.1;q32.1),t(12;21)(p13.2;q22.1),t(v;11)(q23.3)
Set_8: q14,Macro-ovalocytes and hypersegmented neutrophils are seen in which of the following type of anemia?,Megaloblastic anemia.,Aplastic anemia,Iron deficiency anemia,Hereditary spherocytosis,Autoimmune hemolytic anemia
Set_8: q15,"Classical pentad of transient neurologic problems, fever, thrombocytopenia, microangiopathic hemolytic anemia, and acute renal failure are found in which of the follow - ing condition?",Idiopathic thrombotic thrombocytopenic purpura,Paroxysmal nocturnal hemoglobinuria,Hemolytic-uremic syndrome,Thrombotic thrombocytopenic purpura,Disseminated intravascular coagulation
Set_8: q16,Bone marrow biopsy of a 72-year-old man is shown below. What is the diagnosis?,Primary (Malignant) lymphoma of bone,Metastatic bone disease,Multiple myeloma,Monoclonal gammopathies of undetermined signifi - cance (MGUS),Waldenstrom macroglobulinemia
Set_8: q17,Schistocytes (fragmented red cells) in peripheral blood smear are characteristics of which of the following anemia?,Iron deficiency anemia,Anemia of chronic disease,Aplastic anemia,Sideroblastic anemia,Microangiopathic hemolytic anemia
Set_8: q18,Pappenheimer bodies are composed of:,Copper,Iron,Zinc,Manganese,Silicates
Set_8: q19,Basophilic stippling of red cells is found in which of the following condition?,Lead poisoning,Hemophilia,Paroxysmal nocturnal hemoglobinuria,Hemoglobin C disease,G6PD deficiency
Set_8: q20,Abnormal shaped red blood cells are found in different medical conditions. Bite cells are characteristic of which of the following condition?,G6PD deficiency8 Hematopathology of Red Blood Cells and White Blood Cells 55,Thalassemia,Hereditary spherocytosis,Sideroblastic anemia,Anemia of chronic disease
Set_8: q21,"An 8-year-old girl is brought to the emergency by her mother with symptoms of nose bleed and hematomas. Laboratory investigations show prolonged bleeding time, normal prothrombin time, and prolonged partial thromboplastin time. What is the diagnosis?",Immune thrombocytopenic purpura,V on Willebrand disease,Hemophilia A,Hemophilia B,Disseminated intravascular coagulopathy
Set_8: q22,Peripheral blood smear of a male patient is shown below. What is the diagnosis?,Anemia of chronic disease,Megaloblastic anemia,Sideroblastic anemia,Sickle cell anemia,Iron deficiency anemia
Set_8: q23,"Which of the following vitamins is an essential cofactor for gamma-glutamyl carboxylase, an enzyme that car - boxylates coagulation factors II, VII, IX, and X?",Vitamin K,Vitamin A,Vitamin D,Vitamin B-12,Thiamine (Vitamin B1)
Set_8: q24,Which of the following statements about V on Willebrand factor (vWF) is correct?,V on Willebrand factor activity is higher in adults than newborns,Patients with blood group O have the highest mean vWF levels,V on Willebrand factor activity is equal in adults and newborns,V on Willebrand factor activity is higher in newborns than adults,V on Willebrand factor is only synthesized by endo - thelial cells
Set_8: q25,"An 80-year-old male patients present with fatigue, mal - aise, and anemia. Peripheral blood smear shows increased number of normal-appearing lymphocytes. What is the diagnosis?",Chronic myelogenous leukemia,Polycythemia vera,Acute myelogenous leukemia,Chronic lymphocytic leukemia,Myelofibrosis with myeloid metaplasia
Set_8: q26,Microscopic picture is shown below. What is the diagnosis?,Langerhans cell,Giant cells,Macrophage,Megaloblastosis,Emperipolesis
Set_8: q27,Which of the following test is the best indicator of response to therapy on patients being treated for throm - botic thrombocytopenic purpura (TTP)?,Prothrombin time,Fibrinogen levels,Platelet count,Activated partial thromboplastin time,LDH level
Set_8: q28,"A 47-year-old male presents with fatigue, dyspnea and easy bruisability. Echocardiogram shows reduced left ventricular ejection. Endomyocardial biopsy is done which shows amyloid deposition. PT and aPTT values are increased. What is the diagnosis?",Factor V deficiency,Factor II deficiencyMultiple Choice Questions 56,Factor X deficiency,Factor XII deficiency,Factor VIII deficiency
Set_8: q29,Which of the following is an indicator of good prognosis for pre-B Childhood ALL?,Age of diagnosis,Hypodiploidy,Hyperdiploidy,WBC count,"(1, 19) translocation"
Set_8: q30,"Platelets are tiny, disc-shaped pieces of cells that are found in the blood. Platelets are stored at:",20–24 °C,4 °C,−20 °C,0 °C,8 °C
Set_8: q31,Which antibody is commonly elevated in Waldenstrom macroglobulinemia?,IgG,IgA,IgM,IgD,IgE
Set_8: q32,Prothrombin time (PT) is a blood test that measures the time it takes for the liquid portion (plasma) of blood to clot. Prolonged prothrombin time is seen in:,Hemophilia A,Hemophilia B,Thrombocytopenia,Factor VII deficiency,Factor XIII deficiency
Set_8: q33,Red blood cells are prepared from whole blood by removing the plasma. Shelf life of whole blood is:,35 days,120 days,7 days,85 days,100 days
Set_8: q34,"A 15-year-old male presents with fever, sore throat, and enlarged cervical lymph nodes. CBC shows total WBC of 22,",,,,,
Set_8: q35,Peripheral blood smear shows atypical lympho - cytes. Monospot test is positive. What is the diagnosis?,Infectious mononucleosis,Acute mumps,Diphtheria,Scarlet fever,Toxoplasmosis
Set_8: q36,Cabot’s ring in RBCs is seen in:,Acquired hemolytic anemia,Hemochromatosis,Thalassemia,After splenectomy,Iron deficiency anemia
Set_8: q37,Deficiency of which of the following causes hereditary spherocytosis?,Actin,Glycoprotein,Ankyrin,Band 4,G-6PD deficiency
Set_8: q38,"A 37-year-old male presents with severe fatigue, fre - quent nose bleeds, and gingival masses. The abnormal cells seen in the blood smear show tissue paper nuclei. What is the diagnosis?",Acute myelogenous leukemia,Acute monocytic leukemia,Chronic lymphocytic leukemia,Acute lymphocytic leukemia,Acute myelomonocytic leukemia
Set_8: q39,Which of the following is a marker of B or T cell acute lymphoblastic leukemia?,CD138 positivity,CD33 positivity,CD52 positivity,TdT positivity,CD10 positivity
Set_8: q40,Reticulocytes are stained by:,Wright stain,Brilliant cresyl blue,Alcian blue,Giemsa stain,Trichrome stain
Set_8: q41,Which of the following findings will be found in iron deficiency anemia?,"Decreased MCV , increased RDW","Increased MCV , increased RDW","Normal MCV , Increased RDW","Decreased MCV , decreased RDW","Normal MCV , normal RDW"
Set_8: q42,Most sensitive test for disseminated intravascular coagu - lation (DIC) is:,Platelet count,D-Dimer,Fibrinogen Degradation Products (FDP),PT,Bleeding time
Set_8: q43,PAS-positive coarse granules are found in which kind of leukemia?,Acute lymphoblastic leukemia,Acute myeloblastic leukemia,Acute promyelocytic leukemia,Chronic lymphocytic leukemia,Chronic myeloid leukemia8 Hematopathology of Red Blood Cells and White Blood Cells 57
Set_8: q44,Which of the following cytochemical stains differentiate acute myeloid leukemia (AML) from Acute lympho - blastic leukemia (ALL)?,Acid phosphatase,Nonspecific esterase,Myeloperoxidase,Toluidine blue,Giemsa stain
Set_8: q45,"A 9-year-old male child comes to the pediatrician office with symptoms of fatigue, weakness, infections, nose bleed, and gingival bleeding. Laboratory investigations show hemoglobin of 5.5 g/dL. Flow cytometry reveals biphenotypic patterns of antigen expressions. There is strong expression of CD19 and Myeloperoxidase (MPO) + ve. What is the diagnosis?",Acute lymphoblastic leukemia,Acute myeloid leukemia,Undifferentiated leukemia,Mixed phenotype acute leukemia,Chronic myelogenous leukemia
Set_8: q46,"A 49-year-old female presents with fever, fatigue, and a dragging sensation in her upper left quadrant. Complete blood count shows low hemoglobin and elevated white blood cells count. Bone marrow aspirates shows imma - ture cells, segmented neutrophils, and basophils. What is the diagnosis?",Acute lymphoblastic leukemia,Acute myeloid leukemia,Myelodysplastic syndrome,Chronic myeloid leukemia,Chronic lymphocytic leukemia
Set_8: q47,Macrocytosis of red blood cells are seen in:,Folate deficiency,Myelodysplasia,Alcoholism,Vitamin B12,All of the above
Set_8: q48,"A 72-year-old patient comes to the physician office with complaints of fatigue and low energy. Detailed  laboratory and imaging investigations were done. Serum M-protein shows <3 g/dL. Bone marrow shows plasma cells <10 percent. There are no lytic lesions, anemia, hypercalce - mia, and renal insufficiency. What is the diagnosis?",Multiple myeloma,Reactive systemic amyloidosis,Non-Hodgkin lymphoma,Monoclonal gammopathy of undetermined signifi - cance (MGUS),Waldenstrom macroglobulinemia
Set_8: q49,Peripheral blood smear of a 54-year-old patient is shown below. What is the diagnosis?,Hairy cell leukemia,Chronic lymphocytic leukemia,Myelodysplastic syndrome,Myelophthisic anemia,Primary myelofibrosis
Set_8: q50,Bence Jones proteins in the urine are found in which of the following condition?,Multiple myeloma,Waldenstrom macroglobulinemia,Mantle cell lymphoma,Acute lymphoblastic lymphoma,Chronic lymphocytic leukemia
Set_8: q51,"A 60-year-old man presents with pancytopenia, a mark - edly enlarged spleen and extramedullary hematopoiesis. He is found to have a JAK-2 mutation. What is the diagnosis?",Myelodysplastic syndrome,Chronic myeloid leukemia,Hairy cell leukemia,Chronic myelofibrosis,Acute myeloid leukemia
Set_8: q52,The combination of erythrocytosis leukocytosis and thrombocytosis along with splenomegaly is highly char - acteristic of which of the following condition?,Essential thrombocytosis,Chronic myelogenous leukemia,Primary myelofibrosis,Acute lymphoblastic leukemia,Polycythemia vera
Set_8: q53,"Cytopenias (anemia, neutropenia, thrombocytopenia) and morphological evidence of significant dysplasia in all the cell lines (erythroid, myeloid, and megakaryo - cytes) are characteristics of which of the following condition?Multiple Choice Questions 58",Myelodysplastic syndrome,Acute myelogenous leukemia,Polycythemia vera,Essential thrombocythemia,Chronic myelogenous leukemia
Set_8: q54,Which of the following lab finding would support a diagnosis of anemia of chronic disease (ACD)?,Normal serum iron,Low serum transferrin,Elevated serum ferritin,Elevated hemoglobin A2,Normal erythrocyte sedimentation rate
Set_8: q55,A 39-year-old female patient present with intractable nose bleeds. Complete blood counts show low hemoglobin and elevate in the white blood cells count (122 × 109/L). Some of the abnormal cells show thin linear structures either side of the nucleus. What is the diagnosis?,Acute myeloblastic leukemia without maturation (AML-M1),Acute monoblastic and monocytic leukemia,Acute myelomonocytic leukemia,Acute lymphoblastic leukemia,Acute megakaryoblastic leukemia (AML-M7)
Set8: q56,Bone marrow aspirate of a patient shows several blasts stained with PAS. What is the diagnosis?,Acute lymphoblastic leukemia (ALL),Acute myeloid leukemia (AML),Acute erythroid leukemia,Myelodysplastic syndrome,Pernicious anemia
