Question,A,B,C,D,E,F
Programmed cell death is also called as:,Degeneration,Calcification,Apoptosis,Necrosis,Atrophy,
Which of the following medical condition is because of inherited defect in DNA repair?,Acanthosis nigricans,Xeroderma pigmentosum,Basal cell nevus syndrome,Bloom syndrome,Werner syndrome,
Which of the following is a pathologic cause of hyperplasia?,Endometrial hyperplasia,Compensatory hyperplasia after partial hepatectomy,Hormonal stimulation seen in breast development at puberty,Antigenic stimulation seen in lymphoid hyperplasia,Cardiac muscle in hypertension,
"In pathology, what is the name given when there is a reversible change of one cell type to another?",Hyperplasia,Hypertrophy,Metaplasia,Dysplasia,Atrophy,
Which of the following is the best statement for lipofuscin?,Perinuclear yellow-brown pigment,Black-brown pigment,Golden yellow-brown granular pigment,Protein,Lipid,
"Location of calcifications in interstitial tissues of the stomach, kidneys, lungs, and blood vessels is called as:",Metastatic calcification.,Dystrophic calcification,Hyaline change,Cutaneous mycetoma,Molluscum contagiosum,
Psammoma bodies belong to which type of pathologic form of calcification?,Dystrophic calcification,Metastatic calcification,Calcifications in interstitial tissues of the stomach,Calcifications in the kidney,Calcifications in the blood vessels,
A 49-year-old woman has hypertension untreated for years. Which of the following cellular alteration will be seen in the myocardium of this patient?,Apoptosis,Atrophy,Hyperplasia,Metaplasia,Hypertrophy,
"In pathology, what is the name given to abnormal prolif - eration of cells that is characterized by changes in cell size, shape, and loss of cellular organization?",Hyperplasia,Hypertrophy,Metaplasia,Dysplasia,Atrophy,
Which type of necrosis is most characteristic of isch - emia involving the heart or kidney?,Coagulative,Liquefactive,Caseous,Fibrinoid,Enzymatic  2,
Apoptosis is an active process regulated by genes and involves RNA and protein synthesis. Which of the fol - lowing is a central organ in apoptosis?,Ribosomes,Golgi body,Mitochondria,Nucleus,Lysosomes,
"Irreversible, uncontrolled cell death that occurs when antigen-antibody complexes are deposited in the walls of blood vessels along with fibrin is called as:",Gangrenous necrosis,Fat necrosis,Fibrinoid necrosis,Caseous necrosis,Liquefaction necrosis,
Which of the following organ shows liquefaction necrosis?,Heart,Brain,Gall bladder,Liver,Kidney,
Degeneration and condensation of nuclear chromatin is defined as:,Karyorrhexis,Karyolysis,Nuclear fusion,Nuclear fission,Pyknosis,
"In tumor metastasis, cancer cells spread from the place where they first formed to another part of the body. What is essential for tumor metastasis?",Apoptosis,Inhibition of tyrosine kinase activity,Angiogenesis,Tumorigenesis,Ischemia,
A 10-year-old male child suffering from thalassemia comes to the pediatrician office for follow up checkup. On physical examination the skin of the patient has a bronze color. Which of the following findings will be seen in liver biopsy of this male child?,Apoptotic hepatocytes,Hepatocyte swelling,Hepatocyte regeneration,Hemosiderin in hepatocytes,Cholestasis,
Decrease in cell size and functional ability is defined as:,Atrophy,Apoptosis,Hypertrophy,Hyperplasia,Metaplasia,
Walerian degeneration is seen in:,Part of nerve attached to cell body in a nerve that is cut peripherally,Cell body that is not attached to the nerve that is cut,Part of nerve not attached to cell body,Cell body that is attached to the nerve that is cut,It is not a type of nerve injury,
Granuloma is characterized by-,Focal accumulation of activated macrophages,Collection of neutrophils,Newly formed vessels,Collection of eosinophils,Collection of basophils,
"Marked mitochondrial dysfunction, mitochondrial swelling and large densities within the mitochondrial matrix are seen in which type of cell injury?",Cell death,Irreversible cell injury,Reversible cell injury,Necrosis,Apoptosis,
"To which of the following family of chemical mediators of inflammation, lipoxins belong?",Chemokines,Arachidonic acid metabolites,Kinin system,Cytokines,Vasoactive amines,
Enzyme responsible for respiratory burst is?,Peroxidase,Catalase,NADPH oxidase,Dehydrogenase,Lysozyme,
Procalcitonin is considered as a marker for?,Sepsis,Medullary carcinoma of thyroid,Vitamin D resistant rickets,Parathyroid adenoma,Hyperthyroidism,
"A 92-year-old man presents to his health care provider with a history of mild dementia, osteoarthritis, emphy - sema, cataract, and hypertension. What is the most likely diagnosis?",Hypovitaminosis E,Werner syndrome,Natural aging,Progeria (Hutchinson-Gilford syndrome),"Alzheimer’s disease1 Cellular Pathology, Inflammation, and Repair 3",
What cellular adaptation has occurred in this tissue shown below?,Metaplasia,Hyperplasia,Fatty change,Hypertrophy,Atrophy,
Which of the following disorder is more likely to be associated with an exudate rather than a transudate?,Congestive heart failure,Inflammation,Nephrotic syndrome,Chronic liver disease,Diabetes mellitus,
In acute inflammation hemodynamic changes like mas - sive vasodilation are mediated by which of the following chemicals?,Histamine,Bradykinin,Prostaglandins,"Histamine, bradykinin, and prostaglandins",Histamine and bradykinin,
Inflammation is associated with which of the following cytokines?,Cytokines (IL-1),Cytokines (IL-6),Tumor necrosis factor-alpha,"IL-1, IL-6, and tumor necrosis factor-alpha",Prostacyclin (PGI 2),
Cytokines IL-8 is produced by which cell?,Neutrophil,Macrophage,Lymphocyte,Eosinophil,Basophil,
Kupffer cells are found in which system?,Connective tissue,Lung,Liver,Bone,Brain,
Which of the mitochondrial enzyme that activates cas - pases and indirectly brings about cell death through intrinsic pathway apoptosis?,Cytochrome c,Monoamine oxidase,Fatty acid CoA ligase,Cytochrome c-reductase,Rotenone-insensitive,
Virulent organism producing severe tissue damage and extensive cell death is defined as:,Exudative inflammation,Necrotizing inflammation,Granulomatous inflammation,Interstitial inflammation,Cytopathic inflammation,
Which of the following is a major chemotactic factor for lung macrophages?,CXCL17,N-formylmethionine,Leukotriene B4,Complement system produce C5a,α-Chemokines,
Which of the following cell plays an important role in parasitic infections?,Neutrophil,Macrophage,Lymphocyte,Eosinophil,Basophil,
What is the effect of bradykinin?,Pain,Bronchodilation,Vasoconstriction,Decrease vascular permeability,Platelet aggregation,
What are the mediators of fever?,Cytokines IL-1,Leukotriene B4,Leukotriene C4,Prostacyclin,Thromboxane A2,
Which of the following cytokine is involved in the pathogenesis of Castleman disease?,IL-2,IL-4,IL-6 Multiple Choice Questions 4,IL-10,IL-5,
,,,,,,
"A 13-year-old female patient presents with clinical fea - tures of failure to develop secondary sex characteristics, short stature, primary amenorrhea, infertility, cystic hygroma, and web neck. What is the diagnosis?",Turner syndrome,Klinefelter syndrome,Edward syndrome,Cri du Chat syndrome,Patau syndrome,
What is the karyotype of Klinefelter syndrome?,45 XO,47 XXY,46 XX,47 XX,47 XY,
Chromosomal aberrations are due to a change in the nor - mal chromosome number or a change in the structure of a chromosome. What is the genetic abnormality in Cri du Chat syndrome?,45 XO,47 XXY,Deletion of chromosome 5p,47 XX,47 XY,
What are the clinical findings of Edward syndrome?,"Mental retardation, low set ears, micrognathia, over - lapping of the fingers, and rocker-bottom feet","Mental retardation, cleft lip and palate, cardiac defects, and polydactyly","Mental retardation, characteristic high pitched cat- like cry, congenital heart disease, and microcephaly","Testicular atrophy, female distribution of hair, and gynecomastia","Short stature, primary amenorrhea, infertility, cystic hygroma, and webbing of the neck",
"Which of the following is the most frequent form of familial mental retardation, mainly in males, with large ears and macro-orchidism?",Fragile X syndrome,Sotos syndrome,Asperger syndrome,Prader-Willi syndrome,Rett syndrome,
Which of the following statements is correct regarding Niemann-Pick disease?,Enzyme defect is a deficiency of sphingomyelinase,Enzyme defect is a deficiency of glucocerebrosidase,Enzyme defect is a deficiency of hexosaminidase A,Enzyme defect is a deficiency of glucose-6-phospha - tase,Enzyme defect is a deficiency of lysosomal glucosi - dase (acid maltase),
"Which of the following is an autosomal recessive muco - polysaccharide storage disease which leads to typical facial dysmorphism with short stature, dementia, cor - neal clouding, and hepatosplenomegaly?",Hurler syndrome,Hunter syndrome,Sanfilippo syndrome,Maroteaux-Lamy syndrome,Sly syndrome,
"Which of the following syndromes present as a recessive syndrome of primordial growth deficiency, telangiec - tatic erythema, and tendency to develop malignant tumors?",Turner syndrome,Klinefelter syndrome,Edward syndrome,Cri du Chat syndrome,Bloom syndrome,
"Which of the following condition presents with classic generalized skeletal dysplasia with disproportionate  10 short stature, large head, coarse facial features, and X-ray findings of thoracolumbar kyphosis and lumbosa - cral lordosis?",Thanatophoric dysplasia,Achondroplasia,Hypochondroplasia,Pseudoachondroplasia,Metatropic dwarfism,
Which of the following is a common finding in sponta - neously aborted fetuses?,Inversion,Deletion,Polyploidy,Nondisjunction,Trinucleotide repeat mutations,
Which of the following is a hereditary metabolic disor - der with short stature and rachitic bone changes?,Familial hypophosphatemic rickets,Vitamin D deficiency rickets,Metaphyseal chondrodysplasia syndrome,Cartilage-hair hypoplasia,Pseudohypoparathyroidism,
"Which of the following is a syndrome of oculocutaneous albinism, frequent bacterial infections, and large lyso - somal granules in the granulocytes?",Cutaneous T cell lymphoma,Oculocutaneous albinism,Chediak-Higashi syndrome,Pyoderma gangrenosum,Hemophagocytic lymphohistiocytosis (HLH),
What are the clinical findings of Patau syndrome?,"Mental retardation, low set ears, micrognathia, over - lapping fixed fingers, and Rocker-bottom feet.","Mental retardation, cleft lip and palate, cardiac defects, and polydactyly","Mental retardation, characteristic high pitched cat- like cry, congenital heart disease, and microcephaly","Testicular atrophy, female distribution of hair, and gynecomastia","Short stature, primary amenorrhea, infertility, cystic hygroma, and webbing of the neck",
An autosomal dominance is one of the many ways that a trait or disorder can be passed down through families. An autosomal dominant condition is?,Albinism,Huntington’s disease,Hurler’s syndrome,Hunter’s syndrome,Tay-Sachs disease.,
Which of the following statements is correct regarding Gaucher disease?,Enzyme defect is a deficiency of sphingomyelinase,Enzyme defect is a deficiency of glucocerebrosidase,Enzyme defect is a deficiency of hexosaminidase A,Enzyme defect is a deficiency of glucose-6-phospha - tase,Enzyme defect is a deficiency of lysosomal glucosi - dase (acid maltase),
Which of the following medical condition is caused by deficiency of the enzyme hexosaminidase?,Tay-Sachs disease,Hurler syndrome,Fabry disease,Pompe disease,V on Gierke disease,
"Which of the following is a characteristic of hereditary disorder of multiple cafe au lait spots, skin tumors, skel - etal and neurological signs?",Multiple lentigines syndrome,McCune-Albright syndrome,Acoustic neuroma,Neurofibromatosis type 2,Neurofibromatosis type 1,
Marfan syndrome is an autosomal dominant connective tissue disorder. Which of the following mutation is seen in Marfan syndrome?,Fibrillin-1,Fibrillin-2,P mutation in chromosome 12q,DCP mutation in chromosome 15,P mutation in chromosome 11 p,
"Which of the following is a characteristic syndrome of macular hemangiomas, especially of the face, signs of cerebral foci, and mental retardation common?",Sturge-Weber syndrome,Klippel-Trenaunay-Weber syndrome,Beckwith-Wiedemann syndrome,Siderosis,Dyke-Davidoff-Masson syndrome,
Duchenne muscular dystrophy (DMD) is a rare muscle disorder. Duchenne muscular dystrophy is inherited as:,Mitochondrial DNA,Autosomal dominant,X-linked recessive,X-linked dominant,Multifactorial,
A 35-year-old woman has V on Hippel-Lindau disease. The gene implicated in the renal tumor associated with V on Hippel-Lindau disease is located on chromosome:,3p,5q,11p,13q,17q2 Genetic Disorders 11,
A 5-year-old child presents with a history of viral and fungal infections and has calcium of 5.6 mg/dL.  The most likely diagnosis is:,Fragile X syndrome,X-linked agammaglobulinemia,DiGeorge’s syndrome,Ehlers-Danlos syndrome (EDS),Tay-Sachs disease,
Which of the following medical condition is an X-linked recessive disorder?,Familial hypercholesterolemia,V on Hippel-Lindau disease,Marfan’s syndrome,Wiskott-Aldrich syndrome,Albinism,
"Cystic fibrosis (CF) is a multisystem disease affecting the lungs, digestive system, sweat glands, and reproduc - tive tract. Which chromosome encodes the cystic fibro - sis transmembrane conductance regulator (CFTR) protein?",21,3,18,7,X,
"Clinical triad of chronic sinusitis, bronchiectasis, and situs inversus is found in which of the following condition?",Necrotizing pneumonias,Cystic fibrosis,Wegener’s granulomatosis,Kartagener’s syndrome,Asthma,
"Which of the following is a characteristic of hereditary disease with neurological (progressive cerebellar ataxia), telangiectasia, and immune deficiency causing frequent respiratory tract infections?",Friedreich disease,Metachromatic leukodystrophy,Ataxia telangiectasia,Krabbe disease,Gaucher disease,
Which of the following inheritance pattern is most likely to be present in Peutz-Jeghers syndrome?,Autosomal dominant,Autosomal recessive,X-linked recessive,X-linked dominant,Multifactorial,
Which of the following syndrome is due to deletion of paternal chromosomes 15?,Angelman syndrome,Fragile X syndrome,Marfan syndrome,Ehlers-Danlos syndrome,Prader–Willi syndrome,
,,,,,,
Which is the most common inherited immunodeficiency?,Bruton’s X-linked agammaglobulinemia,Common variable immunodeficiency,Severe combined immunodeficiency,Selective IgA deficiency,C1 inhibitor deficiency,
Which immunoglobulin crosses the placenta?,IgM.,IgG,IgA,IgE,IgD,
"In the lymph node, dendritic cells would be found in the:",Subcapsular sinus,Primary follicle,Germinal center,Outer cortex,Medulla,
Immunological memory is a unique property of the immune system. Which of the following are the immu - nological memory cells?,T lymphocytes and NK cells,B lymphocytes and dendritic cells,T and B lymphocytes,Macrophages and B lymphocytes,B lymphocytes and lymphokine-activated killer (LAK) cells,
Certain drugs may trigger an autoimmune response. Drug induced lupus antibodies are:,Anti-Ro antibodies,Anti-histone antibodies,Anti-Ul-ribonucleoprotein antibodies,Anti-Sm antibodies,Anti-Jo-1 antibodies,
Hypersensitivity reactions are immune responses. Which of the following hypersensitivity immune response is responsible for Myasthenia Gravis?,Type II hypersensitivity,Type I hypersensitivity,Type IV hypersensitivity,Type III hypersensitivity,None of the above,
Interleukin is defined as any class of glycoproteins pro - duced by leukocytes for regulating immune responses. Which interleukin is required for differentiation of eosinophils?,IL-2,IL-3,IL-4,IL-5,IL-10,
Which of the following Interleukin is being used as immunotherapy for renal cell carcinoma and metastatic melanoma?,Interleukin-1,Interleukin-2,Interleukin-4,Interleukin-5,Interleukin-10,
A 1-year-old boy has repeated upper respiratory infec - tions. Stool examination shows giardia lamblia cysts. Which of the following laboratory finding is likely to be useful in this boy?,Deficiencies of C5-C9,Low or absent immunoglobulins,Selective IgA deficiency,Antibodies to human immunodeficiency virus,Low CD4 count,
Which of the following is produced by human cells in response to viral infection?,Tumor necrosis factors  18,Interferons,Interleukin-2,Interleukin-5,Interleukin-10,
Which of the following causes increased susceptibility to giardia lamblia?,Common variable immunodeficiency,DiGeorge syndrome,Severe combined immunodeficiency,Wiskott-Aldrich syndrome,Chronic granulomatous disease,
"A child is getting infections of candida, cytomegalovirus (CMV) and pneumocystis jirovecii (carinii). What is the best etiology of these infections?",Common variable immunodeficiency,DiGeorge’s syndrome,Severe combined immunodeficiency,Wiskott-Aldrich syndrome,Bruton’s X-linked agammaglobulinemia,
A latent HIV reservoir is a group of immune cells in the body that are infected with HIV but are not actively producing new HIV . Which of the following cells are the reservoirs for the HIV virus?,B lymphocytes,T lymphocytes,Eosinophils,Follicular dendritic cells,Neutrophils,
Which of the following are examples of Type IV hypersensitivity?,Atopic eczema and contact dermatitis,Tuberculosis and graft-versus-host disease,Leprosy and myasthenia gravis,Poison Ivy and Arthus reaction,Chronic granulomatous disease and chronic allograft rejection.,
Langerhans cell histiocytosis (LCH) is a rare disease. Which of the following is a marker for Langerhans cells?,CD30,CD1a,CD10,CD34,CD31,
Amyloidosis is the general term used to refer to the extracellular tissue deposition of fibrils. Amyloid is stained by?,PAS,Congo red,Hematoxylin and eosin,Methenamine silver,Silver nitrate,
The mechanism by which an antigen triggers an adaptive immune response involves several steps. Which of the following cells do not act as antigen presenting cells?,B lymphocytes,Macrophages,Osteoclasts,Dendritic cells,Basophils,
Which is the most common specific antibody deficiency?,IgA,IgD,IgE,IgG,IgM,
"A 2-year-old boy presents with fever and a history of recurrent bacterial infections. Physical examination shows lymphadenitis, hepatospleno-megaly, and pneu - monia. Which of the following underlying condition best explain these findings?",Cystic fibrosis,Glucose-6-phosphate dehydrogenase (G6PD) deficiency,"Leukocyte adhesion deficiency, type 1",DiGeorge syndrome,Chronic granulomatous disease,
Which of the following diseases is associated with HLA- B27 antigen?,Rheumatoid arthritis,Ankylosing spondylitis,Felty syndrome,Systemic lupus erythematosus (SLE),Hashimoto thyroiditis,
Children with selective IgA deficiency are at increased risk for which of the following gastrointestinal condition?,Tufting enteropathy,Celiac disease,Juvenile polyposis,Necrotizing enterocolitis,Autoimmune enteropathy,
Which of the following type of hypersensitivity is medi - ated by T cells?,Type I,Type II,Type III,Type IV,,
What is the best marker for enumerating total peripheral blood T cells?,CD4,CD83 Immune System Disorders 19,CD11b,CD14,CD3,
The high endothelial venules (HEV) are the sites at which:,Memory B cells enter the lymph node,Plasma cells leave the lymph node.,Foreign antigen enters the lymph node,Mature B cells leave the lymph node,Secretory antibody leaves the lymph node,
Which complement factor levels are assayed for defects in the alternate pathway of activation?,C1q,C3,C4,C5,C9,
What chromosome is home to the major histocompati - bility complex?,3,6,11,13,17,
Which of the following antibody activates complement through the alternate pathway?,IgG,IgM,IgA,IgD,IgE,
What type of immunoglobulin receptor do mast cells express?,Fc alpha,Fc beta,Fc gamma,Fc delta,Fc epsilon,
Which chromosome bears the genes for the heavy chains?,2,22,14,16,Depends on which heavy chain,
,,,,,,
Which gene is found in Mantle cell lymphoma (MCL)?,CDK4,Ki-ras,Cyclin D1 gene,L-myc,N-myc,
"A 35-year-old HIV positive male patient presents with nontender, firm, rubbery lymph nodes in the left side of the neck. Histologically, large Hodgkin–Reed-Sternberg cells with multiple nuclei and prominent nucleoli are present. What is the diagnosis?",Nodular sclerosis cHL,Lymphocyte depleted cHL,Lymphocyte rich cHL,Non-Hodgkin lymphoma,Mixed cellularity cHL,
Which of the oncogene is present in squamous cell car - cinoma in the lung?,ErbB1,ErbB2,ErbB3,Ki-ras,Cyclin D,
Which of the following carcinoma shows increased expression of ERBB2 (HER2) gene?,Carcinoma of the stomach,Melanoma,Astrocytoma,Infiltrating ductal and intraductal carcinoma of the breast,Ovarian carcinoma  24,
Microscopic images from lymph node of a 35-year-old male patient are shown below. What is the diagnosis?,Mixed cellularity Hodgkin lymphoma,Nodular sclerosis Hodgkin lymphoma,Lymphocyte rich classical Hodgkin lymphoma,Lymphocyte depleted Hodgkin lymphoma,Non-Hodgkin lymphoma,
"Which of the following oncogene is found in the carci - noma of the lung, pancreas, and colon?",Ki-ras,L-myc,N-myc,CDK4,RET,
Mediastinal tumors are rare neoplasms. The most com - mon tumor of the mediastinum is:,Lymphoma,Mediastinal germ cell tumor,Thymoma,Mediastinal lymphangioma,Mediastinal parathyroid adenomas,
Naphthylamine is a chemical carcinogen responsible for which of the following carcinoma?,Angiosarcoma of liver,Squamous cell carcinoma of skin,Bronchogenic carcinoma,Carcinoma bladder,Lymphoma,
Malignant tumor of mesenchymal tissue is referred to as?,Choristoma,Carcinoma,Hamartoma,Teratoma,Sarcoma,
"A 20-year-old male presents with anterior mediastinal mass. Biopsy of the mass is performed and H&E stained section shows cells which express CD20+, BSAP+, and EMA+. They show CD15 and CD30 expression. What is the diagnosis?",Nodular sclerosis Hodgkin lymphoma.,Mixed cellularity Hodgkin lymphoma.,Lymphocyte depleted Hodgkin lymphoma.,Lymphocyte rich Hodgkin lymphoma.,Lymphocyte predominant Hodgkin lymphoma,
A 10-year-old male presents with a rapidly enlarging maxillary mass. Biopsy is done and the microscopic pic - ture shows starry-sky appearance. What is the diagnosis?4 Neoplastic Disorders 25,Follicular lymphoma,Mantle cell lymphoma,Hodgkin lymphoma,Burkitt lymphoma,Lymphoblastic lymphoma,
A 59-year-old female with HIV/AIDS with history of diffuse large B cell lymphoma presents with left supra - clavicular adenopathy. Laboratory findings shows leu - kopenia and lymphopenia. An excisional biopsy of the enlarged lymph node is performed and H&E picture shows diffuse effacement of the lymph node by sheets of histiocytes. What is the diagnosis?,Mycobacterium tuberculosis infection,Cytomegalovirus infection,Nocardia infection,Actinomyces infection,Mycobacterium avium-intracellulare infection,
"Some benign tumors of the liver are typically discovered incidentally at laparotomy, autopsy, or during an imag - ing test performed for unrelated conditions. Which of the following is the most common benign tumor in the liver?",Hepatoma,Hemangioma,Hepatic adenoma,Cholangiosarcoma,Focal nodular hyperplasia,
A 39-year-old man comes to the dentist’s office with symptoms of enlargement of left tonsil for the last 6 months. Physical examination shows enlargement of right palatine tonsil. Biopsy is done and microscopic picture shows effacement of germinal centers which are replaced by irregular nodules composed of small lym - phocytes. What is the diagnosis?,Hodgkin’s disease,Reactive lymphoid hyperplasia,Follicular lymphoma,Tonsillar abscess,Diffuse lymphoma,
A 55-year-old male with a history of hyperimmuno- globulinemia presents with enlarged cervical lymph nodes. Biopsy of the lymph node is done and microscopic picture shows polymorphous appearance of a lymph node with diffuse effacement of the architecture. There is increased endothelial venules. What is the diagnosis?,Multicentric giant lymph node hyperplasia,Angioimmunoblastic T cell lymphoma,Lymphoma,Classic Hodgkin lymphoma mixed cellularity type,Sezary syndrome,
A 37-year-old male presents with lymph nodes in the right side of the neck. Biopsy of a lymph node is done and microscopic picture shows mixed inflammatory background without sclerosis and Hodgkin–Reed- Sternberg cells. What is the diagnosis?,Nodular sclerosis cHL,Mixed cellularity cHL,Lymphocyte rich cHL,Lymphocyte depleted cHL,Lymphocyte predominant Hodgkin lymphoma,
Prostate cancer is the second most common cancer in men worldwide. Which fusion gene is found in prostate cancer?,TMPRSS2-ERG,MYB-NFIB,PAX8-PPARG,ETV6-NTRK3,TFG-GPR128,
"A 17-year-old male presents with recurrent fever, weight loss, and a large painless lump in his groin for the last 8 months. Laboratory findings show pancytopenia. Imaging studies reveal diffuse lymphadenopathy. Cells shows anaplastic lymphoma kinase positivity. What is the diagnosis?",Anaplastic large cell lymphoma,Classical Hodgkin lymphoma,Diffuse large B cell lymphoma,Metastatic carcinoma,Malignant histiocytosis,
A 14-year-old boy presents with submandibular lymph - adenopathy for the last 2 months. Lymph nodes are freely mobile and firm. Biopsy shows scattered epitheli - oid histiocytes scattered in the cortical and paracortical areas. What is the diagnosis?,Toxoplasmosis,Cat scratch disease,Histoplasmosis,Lymphoblastic lymphoma,Metastatic cancer with unknown primary site,
An 8-year-old boy brought to the pediatrician office by his mother. Physical examination shows hepatospleno - megaly. Laboratory findings show elevated transami - nases. Bone marrow biopsy shows numerous macrophages with a wrinkled tissue paper appearance. What is the diagnosis?,Niemann-Pick disease,GM1 gangliosidosis,Gaucher disease,Hand-Schuller-Christian disease,Mastocytosis Multiple Choice Questions 26,
Microscopic picture of a type of Hodgkin lymphoma is shown below. Cells have a strong expression of CD,,,,,,
What is the diagnosis?,Nodular sclerosis cHL (NSCHL),Mixed cellularity cHL (MCCHL),Lymphocyte rich cHL (LRCHL),Lymphocyte depleted cHL (LDCHL),Nodular lymphocyte predominant HL (NLPHL),
,,,,,,
"A 39-year-old diabetic patient presents with cough, fever, headache, nasal congestion, facial pain. On exam - ination there is black necrotic eschar in the nasal cavity. Histological examination of the affected tissue shows broad nonseptate hyphae with right-angle branching. What is the diagnosis?",Mucormycosis,Aspergillosis,Actinomyces israelii,Candida albicans,Leishmania major,
Patient was admitted to the hospital because of bleeding duodenal ulcer. Culture at 37oC grew urease-positive curved bacteria. The most likely causative agent is:,Campylobacter jejuni,Streptococcus faecalis,Enterococcus,Pseudomonas aeruginosa,Helicobacter pylori,
A patient with uncontrolled diabetes mellitus gets fungal infection. Microscopic examination of the fungus shows that the hyphae are septate and branch at more acute angles. What is the diagnosis?,Mucormycosis,Aspergillosis,Actinomyces israelii,Candida albicans,Blastomycosis,
"A 2-year-old boy presents with symptoms of large vol - ume, watery diarrhea for the last one day. Polymerase chain reaction testing of the stool sample yields a virus with a segmented, double-stranded RNA genome. Which organism is responsible for this presentation?",Rotavirus,Enteric coronaviruses,Norwalk virus,Calicivirus,Entamoeba histolytica,
"A 50-year-old woman is admitted to the hospital with fever, headache, confusion, and ataxia. Similar cases are also reported in a neighboring hospital. Which organism is most likely responsible for this outbreak?",Escherichia coli O157:H7,Streptococcus pneumoniae,Klebsiella pneumoniae,Vibrio cholerae,Listeria monocytogenes,
Which of the following characteristics is an important virulence factor in Haemophilus influenzae type b?,Exotoxin,Polyribosyl ribitol phosphate,Endotoxin,Adhesins,Yersiniabactin,
Which of the following pathogens is a leading cause of atypical pneumonia?,Mycoplasma pneumoniae,Streptococcus pneumoniae,Haemophilus influenzae,Chlamydia pneumoniae,Legionella pneumophila,
Which of the following requires airborne precautions?,Disseminated varicella zoster,Allergic contact dermatitis,Influenza A,Rubella,Ebola,
"A 42-year-old patient presents with fever, sore throat, tachypnea and shortness of breath, and maculopapular rash on the trunk is hospitalized in the emergency. Patients also developed bleeding in the stool, petechiae, ecchymoses, oozing from venipuncture sites and muco - sal bleeding. Patient also develops meningoencephalitis. Unfortunately the patient died due to multi-organ failure  32 and shock. Which of the following infectious agents is most likely to produce these findings?",Influenza virus,Ebola virus,Lassa virus,Yellow fever virus,Cytomegalovirus,
"A 40-year-old homosexual man presents with anorec - tal spasms, pain, bloody discharge, and peri-anal sores. Patients also reported a genital ulcer. Which of the following is responsible for this patient conditions?",Human papillomavirus,Trichomoniasis,Chlamydia trachomatis,Neisseria gonorrhoeae,Herpes simplex virus (HSV) infection,
Which of the following pathogenic bacteria produces swarming growth on blood agar?,Proteus species,Clostridium botulinum,Staphylococcus aureus,Escherichia coli,Klebsiella pneumoniae,
Most common virus associated with laryngeal papilloma is:,HPV 6,HPV 24,HPV 32,HPV 36,HPV 17,
A photograph is shown below. What is the diagnosis?,Loa loa,Mansonella species,Brugia malayi,Brugia timori,Wuchereria bancrofti,
Which of the following organism requires fatty-  acid supplementation for growth?,Aspergillus fumigatus,Histoplasma capsulatum,Coccidioides immitis,Malassezia furfur,Candida albicans,
"A 65-year-old man presents with fever, severe headache, and nuchal rigidity. Physical examination in the emer - gency department shows a Glasgow coma score of",,,,,,
"Lumbar puncture reveals cloudy cerebrospinal fluid (CSF) with 1200 neutrophils/mm3, elevated protein, and decreased glucose. Which of the following is the most probable etiologic agent of this condition?",Arbovirus,Herpesvirus,Mycobacterium tuberculosis,Neisseria meningitidis,Streptococcus pneumoniae,
"A 33-year-old woman presents with severe, acute, right upper quadrant abdominal pain. She had several months of bloody diarrhea. CT scan of the liver demonstrates lesions that are interpreted to be abscesses. Which of the following is the most likely cause of her illness?",Ascaris lumbricoides,Entamoeba histolytica,Enterobius vermicularis,Salmonella typhi,Shigellosis,
A 2-month-old male infant is brought to the emergency room by his mother with symptoms of paroxysms of coughing and choking spells. During the examination the infant was found gasping for breath. Complete blood picture shows 84% lymphocytes. Which of the following organism is responsible for these symptoms?,Streptococcus pneumoniae,Bordetella pertussis,Streptococcus pyogenes,Klebsiella pneumoniae,Mycoplasma pneumoniae,
Which of the following is transmissible between people?,Epidermophyton,Histoplasma capsulatum,Coccidioides immitis,Trichophyton rubrum,Microsporum,
There is an incidental finding of a common nematode infection in a colon biopsy of a 52-year-old female day- care worker. Which of the following organism is likely to be present?,Enterobius vermicularis,Ascariasis5 Infectious Diseases 33,Giardiasis,Entamoeba histolytica,Tropheryma whipplei,
A 62-year-old man presents with symptoms of high grade fever and productive cough for the last 10 days. X-ray of the chest shows areas of consolidation of the left lower lobe. Unfortunately the patient died in the hos - pital. Autopsy shows bronchopleural fistula and abscess formation with sulfur granules. Which of the following organism is responsible for this patient’s condition?,Nocardia asteroides,Staphylococcus aureus,Klebsiella pneumoniae,Actinomyces israelii,Mycobacterium kansasii,
"A 35-year-old male patient with a diagnosis of acute myelogenous leukemia underwent a stem cell transplant. The patient develops fever and becomes unresponsive after 10 days. Lumbar puncture is done. CSF culture is performed and shows organisms which are catalase neg - ative, LAP positive, PVR positive, and positive for the Lancefield D antigen. Which of the following organism causing this infection?",Enterococcus species,Escherichia coli,Klebsiella pneumoniae,Streptococcus pyogenes,Staphylococcus aureus,
A 59-year-old diabetic male patient with a diagnosis of acute myeloid leukemia status post bone marrow trans - plant presents with right sided facial swelling. Invasive fungus is suspected which is confirmed by fungal cul - ture. Histology shows non septate hyaline hyphae. Which of the following organisms is most likely to pro - duce these findings?,Aspergillosis,Mucor species,Zygomycota,Ascomycota,Basidiomycota,
Which of the following parasites is associated with meg - aloblastic anemia?,Necator americanus,Ancylostoma duodenale,Diphyllobothrium latum,Entamoeba histolytica,Ascariasis,
"A 19-year-old high school athlete presents with excruci - ating left ear pain. Physical examination shows diffused inflamed, encrusted, ear canal with weeping lesion. Which of the following organism is most likely to pro - duce these findings?",Escherichia coli,Aspergillus niger,Proteus vulgaris,Pseudomonas aeruginosa,Klebsiella pneumoniae,
A 39-year-old woman presents with symptoms of inter - mittent bloody urine. A diagnosis of infection with an adult worm is suspected. This adult worm resides in the veins of the urine bladder. Which of the following is most likely to cause these clinical findings?,Schistosoma haematobium,Trematodes (flukes),Diphyllobothriasis,Strongyloidiasis,Cysticercosis,
A 14-year-old male with sickle cell anemia presents with shortness of breath that has been getting worse over the past several days. Laboratory finding shows rela - tively low reticulocyte count (0.5%). Which of the fol - lowing virus is most likely to produce these findings?,Retrovirus,Parvovirus B 19,Adenovirus,Epstein–Barr virus,Calicivirus,
"A 28-year-old woman with HIV infection presents with symptoms of fever, sweats, malaise, and sore throat for the last 2 weeks. Physical examination shows swollen tender cervical lymph nodes. Endoscopic examination shows plaques throughout her esophagus. Which of the following is the diagnosis related to the sore throat?",Disseminated pneumocystis carimi,Candida esophagitis,Hairy leukoplakia,Cytomegalovirus ulcers of the esophagus,Lymphoma of the esophagus,
A 24-year-old recently married female with symptoms of dysuria. A urine nitrite test is negative. The bacteria is cul - tured. Biochemical tests are catalase+/coagulase-/novo - biocin resistant bacteria. Which of the following infectious agents is most likely to produce these findings?,Staphylococcus saprophyticus,Escherichia coli,Staphylococcus aureus,Pseudomonas aeruginosa,Proteus vulgaris,
,,,,,,
Medial calcification is seen in:,Atherosclerosis,Arteriosclerosis,Monckeberg sclerosis,Dissecting aneurysm,Malignant hypertension,
Neointimal hyperplasia causes vascular graft failure as a result of hypertrophy of:,Smooth muscle cells,Endothelial cells,Collagen fibers,Elastic fibers,Epithelial cells,
Atheromatous changes of blood vessels affects early in:,Kidney,Heart,Liver,Spleen,Brain,
Most common cause of aortic aneurysm is:,Syphilis,Marfan's syndrome,Atherosclerosis,Congenital,HIV,
Most common cause of aortic dissection is:,Hypertension,Diabetes melitus,Trauma,Marfan's syndrome,Myocardial infarction,
Muscle biopsy in polyarteritis nodosa (PAN) show:,Necrotizing arteritis,Atrophy,Granulomatous lesion,Ring lesion,Fragmentation of the internal elastic lamina,
Hypersensitivity vasculitis is seen most commonly in:,Post capillary venules,Arterioles,Veins,Capillaries,Elastic arteries,
Hypersensitivity vasculitis is seen in which complication:,Systemic lupus erythematosus,Polyarteritis nodosa,Henoch-Schonlein purpura,Buerger’s disease,Wegener's granulomatosis,
The tissue of origin of Kaposi sarcoma is:,Lymphoid,Vascular,Neural,Muscular,Bone,
"A 20-year-old female presents with low grade fever, fatigue, and arthralgia. Physical examination shows absence or weak peripheral pulse of radial artery. What is the diagnosis?",Giant cell arteritis,Takayasu arteritis,Bechet syndrome,IgG4-related disease,Fibromuscular dysplasia,
"A 60-year-old male presents with headache visual dis - turbance jaw claudication, sudden onset of visual changes. Laboratory findings show elevated erythrocyte sedimentation rate. What is the diagnosis?",Giant cell arteritis,Migraine headache,Polymyalgia rheumatica,Postherpetic neuralgia,Transient ischemic attack,
"A middle-aged man presents with bilateral pneumonitis with nodular and cavitary pulmonary infiltrates, chronic  40 sinusitis, nasopharyngeal ulcerations, and renal disease. Laboratory findings show cytoplasmic antineutrophil cytoplasmic autoantibodies (c-ANCA). Which of the following diagnosis is most compatible with the findings in this case?",Wegener’s granulomatosis,Goodpasture’s disease,Buerger’s disease,Lupus nephritis,Postinfectious glomerulonephritis,
A 32-year-old male smoker develops gangrenous toes of the left foot. His serum cholesterol level is 135 mg/ dL. What is the diagnosis?,Monckeberg’s arteriosclerosis,Severe atherosclerosis,Thromboangiitis obliterans,Giant cell arteritis,Kawasaki’s disease,
"A 45-year-old man injures his left knee while skiing and undergoes arthroscopic surgery. He continues to have considerable left knee pain despite receiving analgesic medication. He spends the next few days in bed. On the fifth postoperative day, he develops acute right-sided chest pain. What is the most likely diagnosis?",Pulmonary embolism,Drug reaction,Aspiration pneumonia,Diffuse alveolar damage,Viral pneumonia,
Which of the following substances is most likely to reduce serum level of cholesterol?,Apolipoprotein,Lipoprotein,Omega-3 fatty acids,C-reactive protein,Exercise,
Which of the following is true about atherogenesis?,Vascular cell adhesion molecule 1 (VCAM-1),Activated endothelial cells and leukocytes release growth factors,Calcification and peripheral neovascularization,A and B,All of the above,
An increase in which of the following is most likely to increase the risk for the development of cardiovascular risk?,Erythrocyte sedimentation rate (ESR),White blood cell count,C-reactive protein (CRP),Total protein,Cryoglobulin,
A 52-year-old woman presents with severe headache. CT scan shows an intracranial hemorrhage. Which of the following complication is most likely to occur as a con - sequence of her condition?,Antiphospholipid syndrome,Mycotic aneurysm,Atrial myxoma,Systemic lupus erythematosus,Polymyalgia rheumatica,
An exaggerated vascular response to cold temperatures or emotional stress is seen in which of the following vas - cular disorder?,Antiphospholipid syndrome,Cryoglobulinemia,Mixed connective tissue disease,Scleroderma,Raynaud’s phenomenon,
Which of the following arteries is most commonly affected in Kawasaki disease?,External carotid artery,Subclavian artery,Coronary artery,Renal artery,Femoral artery,
,,,,,,
A 46-year-old woman with a history of systemic lupus erythematosus comes to the physician office due to fre - quent thromboembolic events due to a mitral valve mass. Transesophageal echocardiography demonstrated verru - cous vegetations on the mitral valve. What is the diagnosis?,Degenerative valvular disease,Rheumatic valvular disease,Infective endocarditis,Libman–Sacks endocarditis,Non-bacterial thrombotic endocarditis,
What is the characteristic feature of rheumatic carditis?,Pericarditis,Endocarditis,Myocarditis,Pancarditis,Reflux carditis,
What is the characteristic diagnostic histological feature of rheumatic heart disease?,Aschoff body,Bread butter pericarditis,Eosinophilic infiltration,Patchy infarction,Deep granuloma annulare,
The commonest type of pericarditis in acute rheumatic fever is:,Serous pericarditis,Fibrinous pericarditis,Purulent pericarditis,Myxomatous pericarditis,Constrictive pericarditis,
"A 14-year-old male died suddenly while playing basket - ball. An autopsy is performed, and a gross photograph of the heart opened to reveal the left ventricle, is shown here. What is the diagnosis?",Hypertrophic cardiomyopathy (HCM),Hypertensive heart disease,Aortic stenosis,Restrictive cardiomyopathy,Fabry disease,
Gross picture of heart with marked left ventricular hypertrophy is shown below. What is the diagnosis?  46,Pheochromocytoma,Hypertension,MEN I (Wermer’s syndrome),MEN II (IIa or Sipple’s syndrome),MEN III,
Tetralogy of Fallot is defined as:,Right ventricular hypertrophy,Ventricular septal defect,Pulmonary stenosis,An aorta that overrides the ventricular septal defect,All of the above,
A surgically resected mitral valve has a “fish-mouth” shape due to commissural fusion. These changes are most likely the result of:,Infective endocarditis,Rheumatic heart disease,Left ventricular enlargement,Myxomatous degeneration,Papillary muscle rupture,
A 22-year-old man who has multiple cutaneous xantho - mas presents to a local emergency room complaining an acute onset of chest pain while jogging. There is a family history of myocardial infarction in his 26-year-old brother and his father at young age. An EKG is done which shows ST elevation in the left precordial leads. Laboratory studies show elevated Troponin I.  Patient dies due to ventricular fibrillation. Which of the follow - ing risk factors is most likely responsible for this man’s cardiac disease?,Niemann–Pick disease,Glycogen storage disease type 1,Gaucher’s disease,Familial hypercholesterolemia,Tay–Sachs disease,
A 59-year-old woman has metastatic breast carcinoma. Which of the following condition is well described phe - nomenon associated with malignancies?,Calcific valvular disease,Antiphospholipid syndrome,Acute infectious endocarditis,Atrial myxoma,Marantic endocarditis,
What is the earliest microscopic sequence of changes in the heart after myocardial infarction?,Wavy myocyte fibers,Coagulative necrosis,Neutrophilic infiltrate,Macrophages,Granulation tissue,
What is the most common cardiovascular manifestation associated with systemic lupus erythematosus?,Myocarditis,Cardiomyopathy,Pericarditis,Pancreatitis,Pulmonary hypertension,
Rupture of the free wall of the ventricle is most common within how many days postmyocardial infarction?,48 h post-MI,24 h post-MI,3–7 days post-MI,2 weeks post-MI,3 weeks post-MI,
"In order to make a morphologic diagnosis of definite myocarditis, which of the following changes are required?",Inflammatory infiltration and myocyte necrosis,Eosinophilic infiltration,Giant cells,Inflammatory infiltration,Inflammatory infiltration and fibrosis,
Which of the following is associated with cardiac rhabdomyoma?,Hibernoma,Reticulohistiocytoma,Myxoma,Tuberous sclerosis,Hemangiomas,
Microscopic findings intra-alveolar hemosiderin-laden macrophages are suggestive of:,Acute respiratory distress syndrome,Bacterial pneumonia,Cardiogenic pulmonary edema,Congestive heart failure,Serous pericarditis,
Which of the following serum marker is used to diag - nose myocardial infarction in 3–6 h?,CK-MB,LDH,Alanine aminotransferase (ALT),Troponin I & T,Aspartate aminotransferase (AST),
Which of the following is associated with Marfan’s syndrome?7 The Heart 47,Mitral regurgitation,Pulmonary regurgitation,Mitral valve prolapse,Pulmonic stenosis,Tricuspid valve atresia,
Microscopic findings of amorphous extracellular matrix with scattered stellate or globular myxoma cells within abundant mucopolysaccharide ground substances are characteristic of which cardiac tumor?,Cardiac myxoma,Cardiac rhabdomyoma,Lipoma,Primary malignant cardiac tumor,Carcinoid tumor,
The congenital heart anomaly that is least likely to cause neonatal cyanosis is:,Ventricular septal defect,Tricuspid atresia,Tetralogy of fallot,Transposition of great vessels,Truncus arteriosus,
What is the diagnosis regarding the disease process seen in this heart microscopic section?,Cardiac amyloidosis,Hypertensive heart disease,Hypertrophic cardiomyopathy,Glycogen storage disease,Fabry disease,
"A complete atrioventricular (A V) canal defect is com - prised of an atrial septal defect, a ventricular septal defect, and a common A/V valve. This congenital car - diac anomaly is associated with which of the following medical conditions?",Zellweger syndrome,Trisomy 18,Down syndrome,Congenital hypothyroidism,DiGeorge syndrome,
A 33-year-old male is brought dead to the emergency department. Autopsy shows a ruptured cerebral aneu -rysm with extensive intracranial hemorrhage. Which of the following disease is associated with this patient’s condition?,Patent ductus arteriosus,Transposition of the great arteries,Atrial septal defect,Coarctation of the aorta,Bicuspid aortic valve,
A 27-year-old male patient is brought by his friends to the emergency room with severe shortness of breath. The patient dies suddenly. Troponin and CK-MB were elevated. What is the diagnosis?,Dilated cardiomyopathy (DCM),Hypertrophic cardiomyopathy,Restrictive cardiomyopathy,Acute coronary syndrome,Cardiac tamponade,
,,,,,,
Paroxysmal nocturnal hemoglobinuria (PNH) is associ - ated with deficiency of:,MIRL (Membrane inhibitor of reactive lysis),DAF (Decay accelerating factor),LFA-1 (Lymphocyte function-associated antigen 1),GPI (Glycosylphosphatidylinositol) anchored proteins,LFA-3 (Lymphocyte function-associated antigen 3),
"A 20-year-old female comes to the physician office with symptoms of increased menstrual flow and easy bruis - ing. Laboratory investigations show platelet count of 26,000/mm",,,,,,
A diagnosis of idiopathic thrombocytope - nic purpura (ITP) is made. Which of the following is responsible for low platelet count in ITP?,Antiplatelet antibodies,Defective platelet aggregation,Hypersplenism,Ineffective megakaryopoiesis,Mechanical trauma,
A 70-year-old male presents with bone pain in the back and renal failure. Bone marrow aspirate shows abnormal blasts. Which finding is expected in the red blood cells of the peripheral blood smear?,Rouleaux formation,Schistocytes,Teardrop-shaped red cells,Dacrocytes,Bite cells,
Thrombocytosis refers to an increased platelet count. Which of the following is correct statement regarding thrombocytosis?,"Platelet count of >200,000/ μL (>200 × 109/L)","Platelet count of >250,000/ μL (>250 × 109/L)","Platelet count of >350,000/ μL (>350 × 109/L)","Platelet count of >325,000/ μL (>325 × 109/L)","Platelet count of >450,000/ μL (>450 × 109/L)",
Howell–Jolly bodies are a cytopathological findings of basophilic nuclear remnants (clusters of DNA) in circu - lating erythrocytes. Howell–Jolly bodies are found in which of the following condition?,Asplenia (surgical or functional),Iron deficiency anemia,β-Thalassemia minor,Glucose-6-phosphate dehydrogenase deficiency,Megaloblastic anemia,
"A 29-year-old female is scheduled for elective surgery. Screening tests for bleeding disorder are done. Prothrombin time (PT) = 13.7 s, Partial thromboplastin time (PTT) = 100 s, PTT (50:50 MIX) = 29.3 s, PTT (50:50 MIX-1 h) = 28.6 s. Which of the following factor is likely to be deficient?",Factor XII,Factor XI,Factor VIII,Factor IX,Factor X,
The cytogenetic defect t(15;17) is associated with which of the following leukemia?,Chronic myeloid leukemia,Acute promyelocytic leukemia,Acute lymphoblastic leukemia,Chronic lymphocytic leukemia,Acute monocytic leukemia,
"A 59-year-old female with breast cancer presents with fatigue. Complete blood count shows pancytopenia. Peripheral blood smear shows nucleated red cells, dac - rocytes, and immature granulocytes but no blasts. What is the diagnosis?  54",Acute myeloid leukemia,Myelodysplastic syndrome,Myelophthisic anemia,Chronic lymphocytic leukemia,Chronic myeloid leukemia.,
"Laboratory findings of anemia, thrombocytopenia, and leukopenia are characteristic of which of the following type of anemia?",Megaloblastic anemia,Iron deficiency anemia,Aplastic anemia,Sickle cell anemia.,β Thalassemia,
Ineffective erythropoiesis is characteristic of which one of the following conditions?,β Thalassemia major,Iron deficiency anemia.,Aplastic anemia,Sickle cell anemia.,Glucose-6-Phosphate Dehydrogenase (G6PD) Deficiency.,
Which of the following is a poor prognostic indicator in acute lymphoblastic leukemia (ALL)?,t(4;11)(q21;q23),t(1;19)(q23;p13),t(5;14)(q31.1;q32.1),t(12;21)(p13.2;q22.1),t(v;11)(q23.3),
Macro-ovalocytes and hypersegmented neutrophils are seen in which of the following type of anemia?,Megaloblastic anemia.,Aplastic anemia,Iron deficiency anemia,Hereditary spherocytosis,Autoimmune hemolytic anemia,
"Classical pentad of transient neurologic problems, fever, thrombocytopenia, microangiopathic hemolytic anemia, and acute renal failure are found in which of the follow - ing condition?",Idiopathic thrombotic thrombocytopenic purpura,Paroxysmal nocturnal hemoglobinuria,Hemolytic-uremic syndrome,Thrombotic thrombocytopenic purpura,Disseminated intravascular coagulation,
Bone marrow biopsy of a 72-year-old man is shown below. What is the diagnosis?,Primary (Malignant) lymphoma of bone,Metastatic bone disease,Multiple myeloma,Monoclonal gammopathies of undetermined signifi - cance (MGUS),Waldenstrom macroglobulinemia,
Schistocytes (fragmented red cells) in peripheral blood smear are characteristics of which of the following anemia?,Iron deficiency anemia,Anemia of chronic disease,Aplastic anemia,Sideroblastic anemia,Microangiopathic hemolytic anemia,
Pappenheimer bodies are composed of:,Copper,Iron,Zinc,Manganese,Silicates,
Basophilic stippling of red cells is found in which of the following condition?,Lead poisoning,Hemophilia,Paroxysmal nocturnal hemoglobinuria,Hemoglobin C disease,G6PD deficiency,
Abnormal shaped red blood cells are found in different medical conditions. Bite cells are characteristic of which of the following condition?,G6PD deficiency8 Hematopathology of Red Blood Cells and White Blood Cells 55,Thalassemia,Hereditary spherocytosis,Sideroblastic anemia,Anemia of chronic disease,
"An 8-year-old girl is brought to the emergency by her mother with symptoms of nose bleed and hematomas. Laboratory investigations show prolonged bleeding time, normal prothrombin time, and prolonged partial thromboplastin time. What is the diagnosis?",Immune thrombocytopenic purpura,V on Willebrand disease,Hemophilia A,Hemophilia B,Disseminated intravascular coagulopathy,
Peripheral blood smear of a male patient is shown below. What is the diagnosis?,Anemia of chronic disease,Megaloblastic anemia,Sideroblastic anemia,Sickle cell anemia,Iron deficiency anemia,
"Which of the following vitamins is an essential cofactor for gamma-glutamyl carboxylase, an enzyme that car - boxylates coagulation factors II, VII, IX, and X?",Vitamin K,Vitamin A,Vitamin D,Vitamin B-12,Thiamine (Vitamin B1),
Which of the following statements about V on Willebrand factor (vWF) is correct?,V on Willebrand factor activity is higher in adults than newborns,Patients with blood group O have the highest mean vWF levels,V on Willebrand factor activity is equal in adults and newborns,V on Willebrand factor activity is higher in newborns than adults,V on Willebrand factor is only synthesized by endo - thelial cells,
"An 80-year-old male patients present with fatigue, mal - aise, and anemia. Peripheral blood smear shows increased number of normal-appearing lymphocytes. What is the diagnosis?",Chronic myelogenous leukemia,Polycythemia vera,Acute myelogenous leukemia,Chronic lymphocytic leukemia,Myelofibrosis with myeloid metaplasia,
Microscopic picture is shown below. What is the diagnosis?,Langerhans cell,Giant cells,Macrophage,Megaloblastosis,Emperipolesis,
Which of the following test is the best indicator of response to therapy on patients being treated for throm - botic thrombocytopenic purpura (TTP)?,Prothrombin time,Fibrinogen levels,Platelet count,Activated partial thromboplastin time,LDH level,
"A 47-year-old male presents with fatigue, dyspnea and easy bruisability. Echocardiogram shows reduced left ventricular ejection. Endomyocardial biopsy is done which shows amyloid deposition. PT and aPTT values are increased. What is the diagnosis?",Factor V deficiency,Factor II deficiencyMultiple Choice Questions 56,Factor X deficiency,Factor XII deficiency,Factor VIII deficiency,
Which of the following is an indicator of good prognosis for pre-B Childhood ALL?,Age of diagnosis,Hypodiploidy,Hyperdiploidy,WBC count,"(1, 19) translocation",
"Platelets are tiny, disc-shaped pieces of cells that are found in the blood. Platelets are stored at:",20–24 °C,4 °C,−20 °C,0 °C,8 °C,
Which antibody is commonly elevated in Waldenstrom macroglobulinemia?,IgG,IgA,IgM,IgD,IgE,
Prothrombin time (PT) is a blood test that measures the time it takes for the liquid portion (plasma) of blood to clot. Prolonged prothrombin time is seen in:,Hemophilia A,Hemophilia B,Thrombocytopenia,Factor VII deficiency,Factor XIII deficiency,
Red blood cells are prepared from whole blood by removing the plasma. Shelf life of whole blood is:,35 days,120 days,7 days,85 days,100 days,
"A 15-year-old male presents with fever, sore throat, and enlarged cervical lymph nodes. CBC shows total WBC of 22,",,,,,,
Peripheral blood smear shows atypical lympho - cytes. Monospot test is positive. What is the diagnosis?,Infectious mononucleosis,Acute mumps,Diphtheria,Scarlet fever,Toxoplasmosis,
Cabot’s ring in RBCs is seen in:,Acquired hemolytic anemia,Hemochromatosis,Thalassemia,After splenectomy,Iron deficiency anemia,
Deficiency of which of the following causes hereditary spherocytosis?,Actin,Glycoprotein,Ankyrin,Band 4,G-6PD deficiency,
"A 37-year-old male presents with severe fatigue, fre - quent nose bleeds, and gingival masses. The abnormal cells seen in the blood smear show tissue paper nuclei. What is the diagnosis?",Acute myelogenous leukemia,Acute monocytic leukemia,Chronic lymphocytic leukemia,Acute lymphocytic leukemia,Acute myelomonocytic leukemia,
Which of the following is a marker of B or T cell acute lymphoblastic leukemia?,CD138 positivity,CD33 positivity,CD52 positivity,TdT positivity,CD10 positivity,
Reticulocytes are stained by:,Wright stain,Brilliant cresyl blue,Alcian blue,Giemsa stain,Trichrome stain,
Which of the following findings will be found in iron deficiency anemia?,"Decreased MCV , increased RDW","Increased MCV , increased RDW","Normal MCV , Increased RDW","Decreased MCV , decreased RDW","Normal MCV , normal RDW",
Most sensitive test for disseminated intravascular coagu - lation (DIC) is:,Platelet count,D-Dimer,Fibrinogen Degradation Products (FDP),PT,Bleeding time,
PAS-positive coarse granules are found in which kind of leukemia?,Acute lymphoblastic leukemia,Acute myeloblastic leukemia,Acute promyelocytic leukemia,Chronic lymphocytic leukemia,Chronic myeloid leukemia8 Hematopathology of Red Blood Cells and White Blood Cells 57,
Which of the following cytochemical stains differentiate acute myeloid leukemia (AML) from Acute lympho - blastic leukemia (ALL)?,Acid phosphatase,Nonspecific esterase,Myeloperoxidase,Toluidine blue,Giemsa stain,
"A 9-year-old male child comes to the pediatrician office with symptoms of fatigue, weakness, infections, nose bleed, and gingival bleeding. Laboratory investigations show hemoglobin of 5.5 g/dL. Flow cytometry reveals biphenotypic patterns of antigen expressions. There is strong expression of CD19 and Myeloperoxidase (MPO) + ve. What is the diagnosis?",Acute lymphoblastic leukemia,Acute myeloid leukemia,Undifferentiated leukemia,Mixed phenotype acute leukemia,Chronic myelogenous leukemia,
"A 49-year-old female presents with fever, fatigue, and a dragging sensation in her upper left quadrant. Complete blood count shows low hemoglobin and elevated white blood cells count. Bone marrow aspirates shows imma - ture cells, segmented neutrophils, and basophils. What is the diagnosis?",Acute lymphoblastic leukemia,Acute myeloid leukemia,Myelodysplastic syndrome,Chronic myeloid leukemia,Chronic lymphocytic leukemia,
Macrocytosis of red blood cells are seen in:,Folate deficiency,Myelodysplasia,Alcoholism,Vitamin B12,All of the above,
"A 72-year-old patient comes to the physician office with complaints of fatigue and low energy. Detailed  laboratory and imaging investigations were done. Serum M-protein shows <3 g/dL. Bone marrow shows plasma cells <10 percent. There are no lytic lesions, anemia, hypercalce - mia, and renal insufficiency. What is the diagnosis?",Multiple myeloma,Reactive systemic amyloidosis,Non-Hodgkin lymphoma,Monoclonal gammopathy of undetermined signifi - cance (MGUS),Waldenstrom macroglobulinemia,
Peripheral blood smear of a 54-year-old patient is shown below. What is the diagnosis?,Hairy cell leukemia,Chronic lymphocytic leukemia,Myelodysplastic syndrome,Myelophthisic anemia,Primary myelofibrosis,
Bence Jones proteins in the urine are found in which of the following condition?,Multiple myeloma,Waldenstrom macroglobulinemia,Mantle cell lymphoma,Acute lymphoblastic lymphoma,Chronic lymphocytic leukemia,
"A 60-year-old man presents with pancytopenia, a mark - edly enlarged spleen and extramedullary hematopoiesis. He is found to have a JAK-2 mutation. What is the diagnosis?",Myelodysplastic syndrome,Chronic myeloid leukemia,Hairy cell leukemia,Chronic myelofibrosis,Acute myeloid leukemia,
The combination of erythrocytosis leukocytosis and thrombocytosis along with splenomegaly is highly char - acteristic of which of the following condition?,Essential thrombocytosis,Chronic myelogenous leukemia,Primary myelofibrosis,Acute lymphoblastic leukemia,Polycythemia vera,
"Cytopenias (anemia, neutropenia, thrombocytopenia) and morphological evidence of significant dysplasia in all the cell lines (erythroid, myeloid, and megakaryo - cytes) are characteristics of which of the following condition?Multiple Choice Questions 58",Myelodysplastic syndrome,Acute myelogenous leukemia,Polycythemia vera,Essential thrombocythemia,Chronic myelogenous leukemia,
Which of the following lab finding would support a diagnosis of anemia of chronic disease (ACD)?,Normal serum iron,Low serum transferrin,Elevated serum ferritin,Elevated hemoglobin A2,Normal erythrocyte sedimentation rate,
A 39-year-old female patient present with intractable nose bleeds. Complete blood counts show low hemoglobin and elevate in the white blood cells count (122 × 109/L). Some of the abnormal cells show thin linear structures either side of the nucleus. What is the diagnosis?,Acute myeloblastic leukemia without maturation (AML-M1),Acute monoblastic and monocytic leukemia,Acute myelomonocytic leukemia,Acute lymphoblastic leukemia,Acute megakaryoblastic leukemia (AML-M7),
,,,,,,
Superior vena cava (SVC) syndrome is a collection of clinical signs and symptoms resulting from either partial or complete obstruction of blood flow through the SV,What is the commonest cause of superior vena cava (SVC) obstruction?,Fibrosis of superior vena cava,Bronchogenic carcinoma,Pericardial fibrosis,Hepatocellular carcinoma,Bronchiectasis
Which of the following is the underlying lesion of the acute respiratory distress syndrome?,Organizing pneumonia,Bronchiolitis,Diffuse alveolar damage,Usual interstitial pneumonitis,Bronchopneumonia,
"A 2-year-old male child is brought to the pediatrician office by his mother with symptoms of fever, shortness of breath, and rapid breathing. X-ray of the chest is done which shows patchy appearance with peribronchial thick - ening and poorly defined air space opacities. What is the diagnosis?",Atypical pneumonia,Tuberculosis,Bronchopneumonia,Atelectasis,Lobar pneumonia,
"A 40-year-old male patient has clinical presentation fevers, night sweats, weight loss, cough, and hemoptysis for the last 4 weeks. Physical examination shows lymph - adenopathy. Another family member of the patient is tak - ing medications for similar symptoms. What is the diagnosis?",Sarcoidosis,Tuberculosis,Bronchopneumonia,Atypical pneumonia,Bronchiectasis,
"A 35-year-old female come to the office with symptoms of fatigue, malaise, shortness of breath, skin lesions, eye irritation, fever, and night sweats. Lung biopsy shows noncaseating granulomas. What is the diagnosis?",Tuberculosis,Bronchopneumonia,Sarcoidosis,Lobar pneumonia,Bronchogenic carcinoma,
Microscopic pictures of the lung of a patient with a his - tory of smoking for the last 25  years is shown below. What is the diagnosis?,Large cell carcinoma,Squamous cell carcinoma  70,Large cell anaplastic carcinoma,Malignant mesothelioma,Adenocarcinoma,
A 50-year-old woman with α1-antitrypsin deficiency and no history of smoking requires a double lung transplant for severe emphysema. Which type of emphysema would most likely predominate in this patient’s lung?,Paraseptal emphysema,Panacinar emphysema,Interstitial emphysema,Centriacinar emphysema,Proximal acinar emphysema,
"A 51-year-old male patient presents with shortness of breath, fever, and weight loss. He is a nonsmoker. He worked in restoring building for most of his life. Imaging studies show bilateral pleural effusions. Pleural biopsy is performed and shows discohesive aggregates of round tumor cells with abundant cytoplasm in a fuzzy cell bor - ders. What is the diagnosis?",Small cell lung cancer,Malignant mesothelioma,Squamous cell carcinoma of the lung,Nonsmall cell lung cancer (NSCLC),Adenocarcinoma of the lung,
"A 39-year-old man presents with symptoms of chest pain, wheezing, shortness of breath, diarrhea. He also com - plains of redness/feeling of warmth in the face and the neck. Imaging studies show an area of consolidation in the right upper lobe. What is the appropriate diagnosis?",Adenocarcinoma,Carcinoid tumor,Squamous cell carcinoma,Malignant mesothelioma,Hamartoma,
Consolidation of the lung is a common pathological reaction pattern to broad category of etiologic agents and pulmonary disease. Which of the following etiologic agents is commonly responsible for alveolar exudative solidification?,Viral pneumonia,Bacterial pneumonia,Chlamydial pneumonia,Mycoplasma pneumonia,Mycobacterium tuberculosis,
Which oncogene is found in the small cell lung carcinoma?,Ki-ras,L-myc,c-myc,n-myc,Cyclin D,
"Although most cases of lung cancer are due to tobacco smoking, lung cancer among never smokers is an impor - tant problem. Which of the following fusion oncogene is seen in nonsmall cell lung cancer?",Anaplastic lymphoma kinase (ALK) fusion oncogene,BCAM-AKT2,BCR-ABL,EWSR1-CREB1 and EWSR1-ATF1,ETV6-NTRK3,
Exposure to which of the following substances causes calcification of the rim of hilar nodes (eggshell calcification)?,Beryllium,Silica,Coal dust,Organic dust,Nylon flock exposure,
"A 19-year-old patient comes to the physician office with symptoms of fever, sore throat, and hoarseness and shortness of breath. Chest imaging shows reticu - lonodular opacities. Laboratory investigation shows elevated cold agglutinin titer. Which of the follow - ing organisms is responsible for this patient’s condition?",Mycoplasma pneumoniae,Pseudomonas aeruginosa,Staphylococcus aureus,Streptococcus pneumoniae,Streptococcus pyogenes,
Pulmonary nodules may be detected on cross sectional imaging studies performed for an unrelated reason. Which of the following is the benign tumor of the lung?,Hamartoma,Adenocarcinoma,Squamous cell carcinoma,Large cell carcinoma,Small cell carcinoma,
Gross appearance of the affected lung is shown in the figure below. Which of the following pathogen is a cause of this appearance of lung?9 Lungs 71,Streptococcus pneumoniae,Mycoplasma pneumoniae,Pneumocystis jiroveci,Streptococcus aureus,Pseudomonas aeruginosa,
A 35-year-old man presents with symptoms of chronic obstructive pulmonary disease. X-ray shows vague retic - ulonodular pattern. Bronchoscopy is done and a methe - namine silver stain highlights the cysts. Which additional testing should be performed?,Blood culture,Sputum gram stain and culture,HIV antibody testing,Mycobacterial culture,Pulmonary function testing,
All of the following paraneoplstic syndromes are seen in carcinoma lung except:,Hypertrophic osteoarthropathy,Myasthenia gravis,Cushing’s syndrome,Hypoglycemia,Hypercalcemia,
Which of the following organisms is most likely respon - sible for lung abscess?,Pseudomonas aeruginosa,Peptostreptococcus,Escherichia coli,Streptococcus pneumoniae,Streptococcus pyogenes,
"Shoulder and arm pain, atrophy of muscles of the hand and Horner syndrome are because of which of the fol - lowing condition?",Multiple myeloma,Adenoid cystic carcinoma,Pancoast tumor,Mesothelioma,Lymphoma,
,,,,,,
"A middle-aged man comes to the physician office with a lump on the left side of face for the last 8 months. Physical examination shows a painless mass in the region of the left parotid gland. The mass is completely excised. Microscopically, there are spaces lined by a double layer of epithelial cells with a dense lymphoid stroma. What is the diagnosis?",Warthin tumor,Acinic cell carcinoma,Squamous cell carcinoma,Pleomorphic adenoma,Mucoepidermoid carcinoma,
Which salivary gland is the most frequent site of tumor involvement?,Parotid gland,Submaxillary gland,Sublingual gland,Minor salivary glands,Submandibular gland,
"A 59-year-old male presents with symptoms of chronic nasal congestion, ear fullness, tinnitus, headaches, and dizziness for the last 6 months. There is a long history of smoking. Imaging studies demonstrate a left-sided, homogenous mass in the region of Rosenmuller’s fossa. Resection of the mass is done that is EBER positive. What is the diagnosis?",Granular cell tumor,Non-Hodgkin lymphoma,Rhabdomyosarcoma,Nasopharyngeal carcinoma,Paraganglioma,
Which of the following mutations are seen in medullary carcinoma of thyroid?,RET,PAX8/PPARy,RET/PTC,RAS,BRAF,
Viral Parotitis is caused by which organism?,Herpes simplex,Parvovirus B19,Adenovirus,Paramyxovirus,Papillomavirus,
Which of the following is the most common salivary gland neoplasm?,Pleomorphic adenoma,Adenoid cystic carcinoma,Warthin tumor,Oncocytoma,Basal cell adenoma,
"A 49-year-old man presents with a neck mass involving the right submandibular gland. Biopsy of the mass shows interlobular fibrosis, periductal fibrosis with lymphoplas - macytic proliferation. What is the diagnosis?",Chronic sclerosing sialadenitis,Pleomorphic adenoma,Adenoid cystic carcinoma,Mucoepidermoid carcinoma,Nodular sclerosis Hodgkin lymphoma,
A 42-years-old female presents with symptoms of hypothyroidism. Biopsy shows diffuse lymphoid infil - trate with germinal center formation. What is the diagnosis?,Hashimoto’s thyroiditis,Graves’ disease,Subacute thyroiditis,Papillary carcinoma of thyroid,Follicular thyroid carcinoma,
Diagram of a 35-year-old male patient with white lesions on the mucosa of the floor of the mouth is shown below. Patient smoked one pack of cigarettes per day for the last 15 years. What is the diagnosis?  78,Frictional keratosis,Candidiasis,Leukoplakia,Lichen planus,White sponge nevus,
"A 21-year-old man presented with a 2 months history of swelling in his lower right back teeth region. On intra - oral examination, a solitary well-defined oval-shaped erythematous mass was noticed in the right retromolar area. Biopsy of the mass is done. H&E microscopic pic - ture is shown below. What is the diagnosis?",Mucoepidermoid carcinoma,Acinic cell carcinoma,Squamous cell carcinoma,Pleomorphic adenoma,Mucoepidermoid carcinoma,
"Fine needle aspiration of a painless cystic mass in the midline neck region shows degenerative debris. This debris is admixed with mature squamous epithelium, colloid cells, hemosiderin laden macrophages, and lym - phocytes. What is the diagnosis?",Thyroglossal duct cyst,Epidermoid cyst,Branchial cyst,Squamous cell carcinoma,Metastatic thyroid carcinoma,
A 12-year-old male boy is evaluated by an otolaryngolo - gist for chronic nasal obstruction and purulent rhinor - rhea for the last couple of months. Nasal endoscopy demonstrates a large multi-lobulated polyp herniating into the right vestibule. CT scan shows a large mass fill - ing the right nasal cavity with post-obstructive pansinus - itis and destructive invasion of bone by tumor cells. What is the diagnosis?,Rhabdomyosarcoma,Lymphoproliferative disorders,Nevoid basal cell carcinoma,Non-Hodgkin lymphoma,Olfactory neuroblastoma,
A 13-year-old male presents with a 1.5 cm mass in the anterolateral neck. His mother states that she noticed the mass when the patient had a growth spurt. There is no change in the mass. Resection is done. Microscopic examination shows cells overly a stroma with a dense polymorphic lymphocytic infiltrate. What is the diagnosis?,Thyroglossal duct cyst,Hodgkin lymphoma,Marginal zone lymphoma,Mantle cell lymphoma,Branchial cleft cyst,
"A 62-year-old male, heavy smoker, presents with a large mass in the oral cavity. Physical examination shows large fungating mass in the oral cavity. Biopsies are taken and histology shows elongated fronds of surface growth with marked keratosis. Photograph of the oral cavity and microscopic picture are shown below. What is the  diagnosis? 10 Head and Neck 79",Squamous cell carcinoma,Verrucous carcinoma,Mucoepidermoid carcinoma,Low-grade adenocarcinoma,Adenoid cystic carcinoma,
A 45-year-old male presents with small 4  cm right parotid mass. Histological features are composed of prominent layer of the basal cells arranged in a trabecu - lar pattern. What is the diagnosis?,Warthin tumor,Mucoepidermoid carcinoma,Sebaceous hyperplasia,Adenoid cystic carcinoma,Basal cell adenoma,
A 58-year-old female presents with a firm mass in the neck. Biopsies show massive fibrotic tissue with few entrapped thyroid follicles. What is the diagnosis?,Thyroid lymphoma,Papillary carcinoma of thyroid,Follicular carcinoma of thyroid,Fibrosing thyroiditis,Thyroid adenoma,
There are different kinds of thyroid cancers. Which of the following thyroid cancer is characterized by Orphan Annie eye nuclei?,Papillary thyroid carcinoma,Follicular thyroid carcinoma,Hurthle cell carcinoma,Medullary thyroid carcinoma,Anaplastic thyroid carcinoma,
A mass is removed from the middle ear of a 44-year-old man. What is the diagnosis?,Cholesteatoma,Squamous cell carcinoma,Adenoma of the middle ear,Cholesterol granuloma,Dermoid cyst,
"A 51-year-old man presents with facial palsy and a parotid mass undergoes a resection. Biopsy of the mass shows tumor cells in cribriform, tubular, and solid pat - terns. What is the diagnosis?",Acinic cell carcinoma,Warthin tumor,Adenoid cystic carcinoma,Salivary duct carcinoma,Mucoepidermoid carcinoma,
Which of the following is the most common site of ori - gin of minor salivary gland neoplasm?,Esophagus,Bronchi,Oral cavity including palate,Nasal cavity,Trachea,
A 50-year-old woman presents with difficulty breathing. Physical examination shows nasal obstruction. A biopsy shows large vacuolated cells and plasma cells. PAS and Gram stain reveals Gram-negative coccobacilli. What is the diagnosis?,Wegner’s granulomatosis,Tuberculosis,Myospherulosis,Rhinoscleroma,Rhinosporidiosis,
A 27-year-old male with a history of Hodgkin lym - phoma which is now in remission presents with lymph - adenopathy in the neck. What is the diagnosis?,Reactive histiocytes,Recurrent/Persistent Hodgkin lymphoma,Anaplastic large cell lymphoma,Follicular lymphoma,Non-Hodgkin lymphoma,
,,,,,,
The incidence and prevalence of regional enteritis are steadily increasing. Common site of regional enteritis is:,Rectum,Colon,Caecum,Distal ileum and colon,Distal ileum,
Which of the following diseases is associated with Helicobacter pylori  infection?,Esophagitis,Diverticulitis,Inflammatory bowel disease,Duodenal peptic ulcer,Celiac disease,
Which of the following gastric neoplasm typically occurs at the junction of pyloric and corpus mucosa?,Gastric adenoma,Gastric xanthoma,Gastric hyperplastic polyps,Hamartomatous polyp,Gastric carcinoid,
"A 48-year-old male with HIV presents with profuse, watery diarrhea of 7  days duration. What is the most likely cause of this patient’s symptoms?",Giardia,Cryptosporidium,Entamoeba histolytica,Toxoplasma,Histoplasma,
"A 25-year-old man presents to a rheumatologist with complaints of joint pain involving the large joints of the legs. On questioning, the patient indicates that exacerba - tions in the joint pain are frequently accompanied by diarrhea. Which of the following gastrointestinal disease is most likely to be implicated as the cause of the patient’s joint problems?",Amebic colitis,Chronic appendicitis,Diverticulosis,Pseudomembranous colitis,Ulcerative colitis,
"A 54-year-old man presents with abdominal pain, fever, and profuse diarrhea. There is a history of recent hospitalization where he was given clindamycin. What is the diagnosis?",Ischemic colitis,Diversion colitis,Clostridium difficile colitis,Irritable bowel syndrome,Viral gastroenteritis,
A biopsy of the GE junction is performed in a 60-year- old male. Biopsy shows Barrett’s esophagus. The patient has an increased risk of which of the following disease?,Adenocarcinoma,Squamous cell carcinoma,Leiomyoma,Adenosquamous carcinoma,Mucoepidermoid carcinoma,
"Which of the following disease is the most likely life - time risk of colon cancer, if left untreated?",Ulcerative colitis,Familial juvenile polyposis,Familial adenomatous polyposis,Crohn disease,Cowden disease,
Gastrin-secreting tumors and elevated gastrin levels are characteristic findings of which of the following disease?,Antral G cell hyperplasia,Zollinger–Ellison syndrome,Gastric antrum syndrome,Retained antrum syndrome,Menetrier disease,
"A 60-year-old woman presents to the emergency room with a 5 days of passing maroon, tarry stools. Endoscopy  86 is performed and shows thickening of the mucosal folds, irregular nodularity producing a cobblestone effect and ulceration. What is the diagnosis?",Extranodal lymphoma,MALToma,Diffuse large cell lymphoma,Gastric lymphoma,Non-Hodgkin lymphoma,
"A 65-year-old man complains of abdominal pain, thin caliber stools, and fatigue. His hematocrit is 32% and hemoglobin 9 g/dL. He underwent exploratory laparot - omy and a 14  cm segment of his sigmoid colon is removed. What is the diagnosis?",Diverticulitis with perforation,Ulcerative colitis,Intussusception,Crohn’s disease,Colorectal adenocarcinoma,
"A 3-year-old child is brought to the emergency room by her parents for 3  weeks of abdominal pain, vomiting, and weight loss. Pain is most severe after eating. On examination, the child appears well, until after she ingests some crackers. At this point, child cries inconsol - ably and grabs her abdomen. Esophageal pH monitoring reveals an abnormally high pH of gastric secretions. What is the diagnosis?",Inflammatory bowel disease,Malabsorption,Collagenous and lymphocytic colitis,Menetrier disease,Viral enteritis,
"A 52-year-old woman is undergoing endoscopy to eval - uate persistent gastrointestinal reflux. In the stomach, there is a solitary, well-circumscribed fleshy mass cov - ered with intact mucosa. Further studies show mutation in a gene that encodes tyrosine kinase c-KiT. What is the diagnosis?",Adenocarcinoma,Lymphoma,Epithelioid hemangioendothelioma,Gastrointestinal stromal tumor,Leiomyoma,
A 2-week-old infant with Down syndrome presents with distended abdomen and history of no stools. Bowel sounds are absent. Abdominal X-rays shows megacolon. A sigmoid colon biopsy shows lack of mural ganglion cells. What is the most likely diagnosis?,Congenital pyloric stenosis,Chagas disease,Hirschsprung’s disease,Cystic fibrosis,Rectal atresia,
"A 24-month-old girl presents with abdominal pain, diar - rhea, vomiting, and weight loss. Duodenal biopsy reveals crypt hyperplasia, villous atrophy, and intraepithelial lymphocyte infiltration. What is the diagnosis?",Intussusception,Celiac disease,Hirschsprung’s disease,Incarcerated hernia,V olvulus of bowel,
A 40-year-old man comes to the physician office with severe upper abdominal pain. Upper gastrointestinal endoscopy reveals a small ulcer with a clean base in the duodenal bulb. Biopsy of which part of the stomach would demonstrate the infectious agent?,Gastric fundus,Gastric cardia,Pylorus,Gastric antrum,Body of the stomach,
Which is a complication of long-standing GERD (gas - troesophageal reflux disease) and is characterized by columnar metaplasia of the squamous epithelium that normally lines the esophagus?,Barrett esophagus,Leiomyoma,Squamous papilloma,Lipoma,Adenocarcinoma,
"A patient presents with diarrhea, cutaneous flushing, bronchospasm, and wheezing. Urine levels of 5-HIAA (5-hydroxyindoleacetic acid) is increased. What is the diagnosis?",Peutz–Jeghers syndrome,Turcot’s syndrome,Carcinoid tumor,Gardner’s syndrome,Familial adenomatous polyposis (FAP),
Which type of gastrointestinal disease is associated with pernicious anemia?,Acute hemorrhagic gastritis,Gastric cancer,Gastroesophageal reflux disease,Chronic atrophic gastritis,Chronic peptic ulcer,
Left supraclavicular adenopathy and Krukenberg’s tumor are usually found in which of the following disease?,Esophageal cancer,Gastric carcinoma,Malignant neoplasms of the small intestine,Non-Hodgkin lymphoma,Colonic adenocarcinoma11 Gastrointestinal Tract 87,
"Four cardinal manifestations—arthralgias, diarrhea, abdominal pain, and weight loss are found in which of the following medical condition?",Abdominal angina,Celiac disease (Sprue),Malabsorption,Whipple disease,Tropical sprue,
Failure of the lower esophageal sphincter to relax with swallowing is called as:,Achalasia,Gastroesophageal reflux disease,Pseudoachalasia,Esophageal spasm,Jackhammer (nutcracker) esophagus,
A 55-year-old male presented with a 6-month history of iron-deficiency anemia. Esophagogastroduodenoscopy (EGD) and colonoscopy were performed. Colonoscopy revealed a left sided polypoid colonic mass. Which of the following statements is most accurate regarding this kind of tumor?,Associated with carcinoid tumors,Most often presents in the left colon,Most patients have favorable prognosis,Associated with an overlying adenoma,Most cases are positive for TTF-1,
Which esophageal carcinoma presents mostly in the proximal-two third of the esophagus and frequently metastasizes to mediastinal lymph nodes?,Adenocarcinoma,Gastrointestinal stromal tumors,Squamous cell carcinoma,Leiomyosarcoma,Barrett esophagus,
Which is true for sessile serrated (SSA) polyp?,Usually less than 1 mm in size,More common in the left colon,Always have cytological features of at least low- grade dysplasia,Commonly have a high prevalence of KRAS mutations,Associated with increased risk for colon cancer,
Which of the following bacterial infections can histo - logically mimic ischemic colitis?,Enteroadherent Escherichia coli,Salmonella typhimurium,Clostridium difficile,Vibrio cholerae,Yersinia pseudotuberculosis,
,,,,,,
"A middle-aged alcoholic man presents in the emergency department with nose bleed. Examination shows dis - tended paraumbilical veins, ascites, and a flapping hand tremor on wrist extension. Which laboratory finding is the best indicator of poor prognosis in this alcoholic patient?",Elevated level of serum glutamic oxaloacetic trans - aminase (SGOT),Elevated level of serum glutamic pyruvic transami - nase (SGPT),Prolonged prothrombin time,Elevated level of gamma-glutamyl transferase (GGT),Elevated level of alkaline phosphatase,
Which of the following drug causes hepatocellular necrosis with inflammation?,Acetaminophen,Diclofenac sodium,Ibuprofen,Acetylsalicylic acid,Sucralfate,
"A 10-year-old male child comes to the pediatrician office with symptoms of yellow appearance of the skin and sclera, foul-smelling, pale stools, poor weight gain, enlarged abdomen, loss of appetite. His father died of liver cirrhosis. Physical examination shows hepatomeg - aly. What is the diagnosis?",Chronic viral hepatitis,Alpha-1 antitrypsin deficiency,Gilbert’s syndrome,Crigler–Najjar syndrome,Dubin–Johnson syndrome,
LDH 5 is found in which of the following organ?,Kidney,Heart,Liver,Prostate,Brain,
"A 45-year-old woman presents with symptoms of pruritus, fatigue, right upper quadrant pain, recurrent cholangitis, and symptoms of portal hypertension. Laboratory findings show elevated alkaline phosphatase. Cholangiogram shows evidence of characteristic bile duct changes (multifocal strictures, segmental dilations). What is the diagnosis?",Primary sclerosing cholangitis (PSC),Abdominal vascular Injuries,Acalculous cholecystitis,Autoimmune hepatitis,Cholangiocarcinoma,
Gross picture of a specimen is shown below. What is the diagnosis?,Hemochromatosis,Metastatic liver disease,Fatty metamorphosis,Micronodular cirrhosis,Metabolic liver disease  94,
A 50-year-old woman presents with increasing abdomi - nal girth and enlarging liver. Laboratory findings show elevated Alpha-fetoprotein in the serum. What is the diagnosis?,Serous papillary cystadenocarcinoma,Metastatic gastric adenocarcinoma,Hepatocellular carcinoma,Pancreatic carcinoma,Endometrial carcinoma,
"What would be expected to be seen microscopically in a liver biopsy from a patient with typical acute hepatitis, if the biopsy was taken during the icteric phase?",No pathologic changes,"Mononuclear inflammatory cells, ground glass hepa - tocytes and bridging necrosis","Mononuclear inflammatory cells, swollen hepato - cytes, and bile plugs in canaliculi","Mononuclear inflammatory cells, especially a prom - inent Kupffer cell reaction",Mononuclear inflammatory cells and piecemeal necrosis,
"A 52-year-old woman with a history of autoimmune thy - roid disease (Hashimoto’s thyroiditis) presents with severe pruritus, especially at night. Laboratory investi - gations show elevated alkaline phosphatase. What is the diagnosis?",Alcoholic hepatitis,Hemochromatosis,Primary biliary cholangitis,Hepatitis C,Hepatitis A,
Distant organ metastases in esophageal cancer is com - mon in which of the following organ?,Liver,Lung,Bone,Brain,Breast,
"A middle aged man with a history of abdominal swelling and pain, swelling in the legs and ankles, chronic fatigue, nausea, and vomiting. Histological picture is shown below. What is the diagnosis?",Chronic viral hepatitis,Metabolic liver disease,Alcoholic fatty liver,Hemochromatosis,Hepatocellular carcinoma,
Gross pictures of liver of middle aged male are shown below. What is the diagnosis? 12 Liver and Biliary Tract 95,Cirrhosis of liver,Hemangioma of liver,Cholangiocarcinoma of liver,Angiosarcoma of liver,Metastatic tumors to the liver,
Which of the following hepatitis viruses are responsible for hepatocellular carcinoma?,Hepatitis A (HA V),Hepatitis B (HBV),Hepatitis C (HCV),Hepatitis D (HDV),Hepatitis B (HBV) and Hepatitis C (HCV),
Which of the following virus that replicates only in HBV-infected cells?,Hepatitis A,Hepatitis C,Hepatitis D (Delta agent),Hepatitis E,Epstein-Barr,
"A 40-year-old female patient comes to the physician office with symptoms of fever, nausea, vomiting, pain in the upper right side of the abdomen. Physical examina - tion shows right upper quadrant tenderness on palpation. Laboratory investigations showed leukocytosis. What is the diagnosis?",Acute cholecystitis,Chronic cholecystitis,Ascending cholangitis,Acute pancreatitis,Chronic pancreatitis,
Microscopic findings of chronic inflammation and Rokitansky–Aschoff sinuses are found in which of the following medical conditions?,Acute cholecystitis,Chronic cholecystitis,Ascending cholangitis,Acute pancreatitis,Chronic pancreatitis,
A 30-year-old woman presents with sudden onset of severe abdominal pain. She is using oral contraceptives regularly. Ultrasound of abdomen shows a small hepatic mass. What is the diagnosis?,Focal nodular hyperplasia,Hepatic adenoma,Nodular regenerative hyperplasia,Adenomatous hyperplasia,Cavernous hemangioma,
Strawberry gallbladder is found in which of the follow - ing medical conditions?,Cholesterolosis,Hydrops of the gallbladder mucocele,Ascending cholangitis,Gallbladder cancer,Bile duct cancer,
Carcinoma of the intrahepatic bile ducts is found in which of the following medical conditions?,Bile duct carcinoma,Cholangiocarcinoma,Klatskin’s tumor,Gallbladder cancer,Hepatocellular carcinoma,
Which parasite causes amoebic liver abscess?,Entamoeba histolytica,Hookworm (Necator americanus),Roundworm (Ascaris lumbricoides),Schistosoma mansoni,Taenia solium,
Which of the following is the most common benign liver tumor?,Cavernous hemangioma,Hepatoblastoma,Choledochal cyst,Hepatic adenomas,Focal nodular hyperplasia,
Which is the commonest type of gallbladder cancer?,Squamous cell carcinoma of gallbladder,Adenosquamous carcinoma of gallbladder,Adenocarcinoma of gallbladder,Small cell carcinoma of gallbladder,Lymphoma,
Industrial exposure to polyvinyl chloride is associated with which kind of liver cancer?,Hepatocellular carcinoma,Angiosarcoma of the liver,Hepatic metastases,Hepatoblastoma,Cholangiocarcinoma,
Transient unconjugated hyperbilirubinemia due to the immaturity of the liver is defined as which of the follow - ing medical conditions?,Hereditary hyperbilirubinemias,Biliary tract obstruction,Choledochal cyst,Physiologic jaundice of the newborn,Nonimmune hemolytic anemia,
"A middle-aged man presents to the emergency depart - ment after an episode of vomiting of large volume of blood. There is also history of spiking fevers, chills, bloody, and tarry stools. Physical examination shows tender liver. Endoscopy shows bleeding esophageal vari - ces. What is the diagnosis?",Portal vein thrombosis,Granulomatous hepatitis,Hepatoportal sclerosis Multiple Choice Questions 96,Primary biliary cirrhosis,Budd–Chiari syndrome,
"A 22-year-old male comes to the physician office with symptoms of mild jaundice after fasting for 3 days. He has similar episodes in the past. Laboratory findings show total bilirubin 2.7  mg/dL, while liver enzymes (SGOT, SGPT) are within normal limits. What is the diagnosis?",Gilbert syndrome,Crigler–Najjar syndrome,Dubin–Johnson syndrome,Acetaminophen ingestion,Acute alcoholic hepatitis,
Which is a common complication of chronic cholecysti - tis with porcelain gallbladder?,Squamous cell carcinoma,Adenosquamous carcinoma,Cholangiocarcinoma,Gallbladder adenocarcinoma,Lymphoma of gallbladder,
SGOT (AST) SGPT (ALT) ratio greater than 1.5 is found in which of the following medical conditions?,Chronic pancreatitis,Alcoholic hepatitis,Hepatitis B,Hepatitis C,Hepatitis A virus infection,
"A 36-year-old male patient comes to the physician office with symptoms of abdominal pain, ascites, and liver enlargement. What is the diagnosis?",Alpha1-antitrypsin deficiency,Granulomatous liver disease,Cirrhosis,Budd–Chiari syndrome,Infectious hepatitis,
"A 35-year-old female presents with abdominal pain and weight loss over the last 6 months. On physical examina - tion, the patient has scleral icterus, hepatomegaly, and a palpable hepatic mass. Imaging studies show a central scar in the left lobe with calcifications. Biopsy is done and shows large polygonal cells with abundant granular, eosinophilic cytoplasm separated into nests by hyalin - ized bands of acellular collagen. What is the diagnosis?",Angiosarcoma of liver,Neuroendocrine hepatic neoplasm,Metastatic carcinoma of liver,Fibrolamellar hepatocellular carcinoma,Classic hepatocellular carcinoma,
"A 29-year-old man has used illicit intravenous drugs in the past. He comes to the clinic with complaints of fatigue and weight loss. He drinks regularly. A liver biopsy is obtained, and light microscopy shows ground glass hepatocytes. Which of the following is the most likely diagnosis in this patient?",Hepatitis A infection,Cirrhosis of liver,Chronic hepatitis,Hepatitis B infection,Hepatitis C infection,
Microscopic picture of a liver biopsy is shown below. What is the diagnosis?,Councilman body,Concentric fibrosis around bile ducts,Segmental stenosis of bile ducts,Beaded appearance of bile ducts,Mallory body,
The bile duct neoplasm cholangiocarcinoma is an impor - tant complication of which of the following disease?,Autoimmune hepatitis,Primary sclerosing cholangitis (PSC),Chronic hepatitis C,Chronic hepatitis B,Primary biliary cirrhosis (PBC),
A 3-year-old boy presents with a liver mass. Alpha- fetoprotein (AFP) is elevated in the serum. This tumor is associated with Beckwith–Wiedemann syndrome. What is the diagnosis?,Hepatocellular carcinoma,Hepatoblastoma,Primary hepatic carcinoma,Fibrolamellar carcinoma,Hepatic adenoma,
Which serological markers are positive in people who have been vaccinated for Hepatitis B?,HBsAg,Anti HBs,HBcAG,Anti HBc,Anti-HBe12 Liver and Biliary Tract 97,
Mallory bodies are characteristic of which of the follow - ing condition?,Alcoholic hepatitis,Autoimmune hepatitis,Primary biliary cirrhosis,Wilson disease,Hemochromatosis,
A 49-year-old woman has multiple nodular lesions rang - ing from a few millimeters to several centimeters in size in the liver on CT imaging. Biopsy of a mass shows mul - tiple areas of fibrotic lesions. The tumor cells are elon - gated and cytoplasms are vacuolated. What is the diagnosis?,Leiomyosarcoma,Cholangiocarcinoma,Angiosarcoma,Epithelioid hemangioendothelioma,Adenocarcinoma,
